Workbook

Sheet بيانات المنشأة و تردد العيادات
A1: 📋 بيانات المنشأة الصحية و تردد العيادات
A3: اسم المنشأة | B3: وحدة غ
A4: كود المنشأة | B4: ASU-BDR-001
A5: نوع المنشأة
A6: الادارة الصحية
A7: المديرية
A8: العنوان
A9: اجمالي عدد المواطنين
A10: عدد العيادات
A11: اجمالي عدد العاملين
A12: عدد الاطباء واطباء الاسنان
A13: عدد التمريض
A14: عدد الصيادلة
A15: عدد الفئات الاخرى
A17: تخصصات العيادات | B17: تردد العيادة الشهري | C17: 46023 | D17: 46054 | E17: 46082 | F17: 46113 | G17: 46143 | H17: 46174 | I17: 46204 | J17: 46235 | K17: 46266 | L17: 46296 | M17: 46327 | N17: 46357
B18: طب الأسرة | H18: 230
B19: تنظيم الأسرة | H19: 100
B20: رعاية الأمومة و الطفولة | H20: 50
B21: متابعة الاطفال | H21: 86
B22: IMCI | C22: NA | H22: na
B23: الاسنان | H23: 69
B24: اخرى | H24: 250

Sheet سجل الشكاوى
A1: 📝 سجل الشكاوى
A3: م | B3: تاريخ الشكوي mm/dd/yyyy | C3: نوع الشكوي | D3: ملخص الشكوي | E3: الحل | F3: تاريخ الحل mm/dd/yyyy | G3: التغذية الراجعة | H3: تاريخ التغذية الراجعة mm/dd/yyyy | I3: حل فوري | J3: حل خلال 72 ساعة | K3: زمن الحل(يوم) | L3: الشهر | M3: شهر الحل | N3: شهر التغذية | O3: تصنيفات الشكاوي | P3: تغذية راجعة | Q3: الحل
A4: 1 | B4: 46176 | C4: توافر الأدوية | D4: عدم توافر دواء كذا بالصيدلية لاكثر من شهر | E4: =IF(data_entry[[#This Row],[تاريخ الشكوي mm/dd/yyyy]]="","",IF(data_entry[[#This Row],[تاريخ الحل mm/dd/yyyy]]="","جاري الحل","تم الحل")) -> تم الحل | F4: 46177 | G4: تم التغذية الراجعة | I4: =IF(K4="","",IF(K4=0,"نعم","لا")) -> لا | J4: =IF(data_entry[[#This Row],[زمن الحل(يوم)]]="", "", IF(data_entry[[#This Row],[زمن الحل(يوم)]]<=3, IF(data_entry[[#This Row],[زمن الحل(يوم)]]>0, "نعم", "لا"), "لا")) -> نعم | K4: =IF(OR(data_entry[[#This Row],[تاريخ الشكوي mm/dd/yyyy]]="",data_entry[[#This Row],[تاريخ الحل mm/dd/yyyy]]=""),"",data_entry[[#This Row],[تاريخ الحل mm/dd/yyyy]]-data_entry[[#This Row],[تاريخ الشكوي mm/dd/yyyy]]) -> 1 | L4: =IF(data_entry[[#This Row],[تاريخ الشكوي mm/dd/yyyy]]="","",TEXT(data_entry[[#This Row],[تاريخ الشكوي mm/dd/yyyy]],"mmm-yyyy")) -> Jun-2026 | M4: =IF(data_entry[[#This Row],[تاريخ الحل mm/dd/yyyy]]="","",TEXT(data_entry[[#This Row],[تاريخ الحل mm/dd/yyyy]],"mmm-yyyy")) -> Jun-2026 | N4: =IF(data_entry[[#This Row],[تاريخ التغذية الراجعة mm/dd/yyyy]]="","",TEXT(data_entry[[#This Row],[تاريخ التغذية الراجعة mm/dd/yyyy]],"mmm-yy")) | O4: الاغذية والمطبخ | P4: تم التغذية الراجعة | Q4: تم الحل | R4: 0
A5: 2 | B5: 46178 | C5: وقت الانتظار | D5: طول وقت صرف العلاج | E5: =IF(data_entry[[#This Row],[تاريخ الشكوي mm/dd/yyyy]]="","",IF(data_entry[[#This Row],[تاريخ الحل mm/dd/yyyy]]="","جاري الحل","تم الحل")) -> تم الحل | F5: 46182 | I5: =IF(K5="","",IF(K5=0,"نعم","لا")) -> لا | J5: =IF(data_entry[[#This Row],[زمن الحل(يوم)]]="", "", IF(data_entry[[#This Row],[زمن الحل(يوم)]]<=3, IF(data_entry[[#This Row],[زمن الحل(يوم)]]>0, "نعم", "لا"), "لا")) -> لا | K5: =IF(OR(data_entry[[#This Row],[تاريخ الشكوي mm/dd/yyyy]]="",data_entry[[#This Row],[تاريخ الحل mm/dd/yyyy]]=""),"",data_entry[[#This Row],[تاريخ الحل mm/dd/yyyy]]-data_entry[[#This Row],[تاريخ الشكوي mm/dd/yyyy]]) -> 4 | L5: =IF(data_entry[[#This Row],[تاريخ الشكوي mm/dd/yyyy]]="","",TEXT(data_entry[[#This Row],[تاريخ الشكوي mm/dd/yyyy]],"mmm-yyyy")) -> Jun-2026 | M5: =IF(data_entry[[#This Row],[تاريخ الحل mm/dd/yyyy]]="","",TEXT(data_entry[[#This Row],[تاريخ الحل mm/dd/yyyy]],"mmm-yyyy")) -> Jun-2026 | N5: =IF(data_entry[[#This Row],[تاريخ التغذية الراجعة mm/dd/yyyy]]="","",TEXT(data_entry[[#This Row],[تاريخ التغذية الراجعة mm/dd/yyyy]],"mmm-yy")) | O5: إدارية | P5: لم يتم التغذية الراجعة | Q5: جاري الحل | R5: 1
A6: 3 | B6: 46206 | C6: معاملة الفريق الطبي | D6: معاملة طبيب الاسنان بالعيادة | E6: =IF(data_entry[[#This Row],[تاريخ الشكوي mm/dd/yyyy]]="","",IF(data_entry[[#This Row],[تاريخ الحل mm/dd/yyyy]]="","جاري الحل","تم الحل")) -> تم الحل | F6: 46235 | G6: تم التغذية الراجعة | H6: 46215 | I6: =IF(K6="","",IF(K6=0,"نعم","لا")) -> لا | J6: =IF(data_entry[[#This Row],[زمن الحل(يوم)]]="", "", IF(data_entry[[#This Row],[زمن الحل(يوم)]]<=3, IF(data_entry[[#This Row],[زمن الحل(يوم)]]>0, "نعم", "لا"), "لا")) -> لا | K6: =IF(OR(data_entry[[#This Row],[تاريخ الشكوي mm/dd/yyyy]]="",data_entry[[#This Row],[تاريخ الحل mm/dd/yyyy]]=""),"",data_entry[[#This Row],[تاريخ الحل mm/dd/yyyy]]-data_entry[[#This Row],[تاريخ الشكوي mm/dd/yyyy]]) -> 29 | L6: =IF(data_entry[[#This Row],[تاريخ الشكوي mm/dd/yyyy]]="","",TEXT(data_entry[[#This Row],[تاريخ الشكوي mm/dd/yyyy]],"mmm-yyyy")) -> Jul-2026 | M6: =IF(data_entry[[#This Row],[تاريخ الحل mm/dd/yyyy]]="","",TEXT(data_entry[[#This Row],[تاريخ الحل mm/dd/yyyy]],"mmm-yyyy")) -> Aug-2026 | N6: =IF(data_entry[[#This Row],[تاريخ التغذية الراجعة mm/dd/yyyy]]="","",TEXT(data_entry[[#This Row],[تاريخ التغذية الراجعة mm/dd/yyyy]],"mmm-yy")) -> Jul-26 | O6: إجراءات الدخول | P6: NA
A7: 4 | E7: =IF(data_entry[[#This Row],[تاريخ الشكوي mm/dd/yyyy]]="","",IF(data_entry[[#This Row],[تاريخ الحل mm/dd/yyyy]]="","جاري الحل","تم الحل")) | I7: =IF(K7="","",IF(K7=0,"نعم","لا")) | J7: =IF(data_entry[[#This Row],[زمن الحل(يوم)]]="", "", IF(data_entry[[#This Row],[زمن الحل(يوم)]]<=3, IF(data_entry[[#This Row],[زمن الحل(يوم)]]>0, "نعم", "لا"), "لا")) | K7: =IF(OR(data_entry[[#This Row],[تاريخ الشكوي mm/dd/yyyy]]="",data_entry[[#This Row],[تاريخ الحل mm/dd/yyyy]]=""),"",data_entry[[#This Row],[تاريخ الحل mm/dd/yyyy]]-data_entry[[#This Row],[تاريخ الشكوي mm/dd/yyyy]]) | L7: =IF(data_entry[[#This Row],[تاريخ الشكوي mm/dd/yyyy]]="","",TEXT(data_entry[[#This Row],[تاريخ الشكوي mm/dd/yyyy]],"mmm-yyyy")) | M7: =IF(data_entry[[#This Row],[تاريخ الحل mm/dd/yyyy]]="","",TEXT(data_entry[[#This Row],[تاريخ الحل mm/dd/yyyy]],"mmm-yyyy")) | N7: =IF(data_entry[[#This Row],[تاريخ التغذية الراجعة mm/dd/yyyy]]="","",TEXT(data_entry[[#This Row],[تاريخ التغذية الراجعة mm/dd/yyyy]],"mmm-yy")) | O7: توافر الأدوية
A8: m | E8: =IF(data_entry[[#This Row],[تاريخ الشكوي mm/dd/yyyy]]="","",IF(data_entry[[#This Row],[تاريخ الحل mm/dd/yyyy]]="","جاري الحل","تم الحل")) | I8: =IF(K8="","",IF(K8=0,"نعم","لا")) | J8: =IF(data_entry[[#This Row],[زمن الحل(يوم)]]="", "", IF(data_entry[[#This Row],[زمن الحل(يوم)]]<=3, IF(data_entry[[#This Row],[زمن الحل(يوم)]]>0, "نعم", "لا"), "لا")) | K8: =IF(OR(data_entry[[#This Row],[تاريخ الشكوي mm/dd/yyyy]]="",data_entry[[#This Row],[تاريخ الحل mm/dd/yyyy]]=""),"",data_entry[[#This Row],[تاريخ الحل mm/dd/yyyy]]-data_entry[[#This Row],[تاريخ الشكوي mm/dd/yyyy]]) | L8: =IF(data_entry[[#This Row],[تاريخ الشكوي mm/dd/yyyy]]="","",TEXT(data_entry[[#This Row],[تاريخ الشكوي mm/dd/yyyy]],"mmm-yyyy")) | M8: =IF(data_entry[[#This Row],[تاريخ الحل mm/dd/yyyy]]="","",TEXT(data_entry[[#This Row],[تاريخ الحل mm/dd/yyyy]],"mmm-yyyy")) | N8: =IF(data_entry[[#This Row],[تاريخ التغذية الراجعة mm/dd/yyyy]]="","",TEXT(data_entry[[#This Row],[تاريخ التغذية الراجعة mm/dd/yyyy]],"mmm-yy")) | O8: معاملة الفريق الطبي
A9: 6 | E9: =IF(data_entry[[#This Row],[تاريخ الشكوي mm/dd/yyyy]]="","",IF(data_entry[[#This Row],[تاريخ الحل mm/dd/yyyy]]="","جاري الحل","تم الحل")) | I9: =IF(K9="","",IF(K9=0,"نعم","لا")) | J9: =IF(data_entry[[#This Row],[زمن الحل(يوم)]]="", "", IF(data_entry[[#This Row],[زمن الحل(يوم)]]<=3, IF(data_entry[[#This Row],[زمن الحل(يوم)]]>0, "نعم", "لا"), "لا")) | K9: =IF(OR(data_entry[[#This Row],[تاريخ الشكوي mm/dd/yyyy]]="",data_entry[[#This Row],[تاريخ الحل mm/dd/yyyy]]=""),"",data_entry[[#This Row],[تاريخ الحل mm/dd/yyyy]]-data_entry[[#This Row],[تاريخ الشكوي mm/dd/yyyy]]) | L9: =IF(data_entry[[#This Row],[تاريخ الشكوي mm/dd/yyyy]]="","",TEXT(data_entry[[#This Row],[تاريخ الشكوي mm/dd/yyyy]],"mmm-yyyy")) | M9: =IF(data_entry[[#This Row],[تاريخ الحل mm/dd/yyyy]]="","",TEXT(data_entry[[#This Row],[تاريخ الحل mm/dd/yyyy]],"mmm-yyyy")) | N9: =IF(data_entry[[#This Row],[تاريخ التغذية الراجعة mm/dd/yyyy]]="","",TEXT(data_entry[[#This Row],[تاريخ التغذية الراجعة mm/dd/yyyy]],"mmm-yy")) | O9: وقت الانتظار
A10: 7 | E10: =IF(data_entry[[#This Row],[تاريخ الشكوي mm/dd/yyyy]]="","",IF(data_entry[[#This Row],[تاريخ الحل mm/dd/yyyy]]="","جاري الحل","تم الحل")) | I10: =IF(K10="","",IF(K10=0,"نعم","لا")) | J10: =IF(data_entry[[#This Row],[زمن الحل(يوم)]]="", "", IF(data_entry[[#This Row],[زمن الحل(يوم)]]<=3, IF(data_entry[[#This Row],[زمن الحل(يوم)]]>0, "نعم", "لا"), "لا")) | K10: =IF(OR(data_entry[[#This Row],[تاريخ الشكوي mm/dd/yyyy]]="",data_entry[[#This Row],[تاريخ الحل mm/dd/yyyy]]=""),"",data_entry[[#This Row],[تاريخ الحل mm/dd/yyyy]]-data_entry[[#This Row],[تاريخ الشكوي mm/dd/yyyy]]) | L10: =IF(data_entry[[#This Row],[تاريخ الشكوي mm/dd/yyyy]]="","",TEXT(data_entry[[#This Row],[تاريخ الشكوي mm/dd/yyyy]],"mmm-yyyy")) | M10: =IF(data_entry[[#This Row],[تاريخ الحل mm/dd/yyyy]]="","",TEXT(data_entry[[#This Row],[تاريخ الحل mm/dd/yyyy]],"mmm-yyyy")) | N10: =IF(data_entry[[#This Row],[تاريخ التغذية الراجعة mm/dd/yyyy]]="","",TEXT(data_entry[[#This Row],[تاريخ التغذية الراجعة mm/dd/yyyy]],"mmm-yy")) | O10: اسعار الخدمات
A11: 9 | E11: =IF(data_entry[[#This Row],[تاريخ الشكوي mm/dd/yyyy]]="","",IF(data_entry[[#This Row],[تاريخ الحل mm/dd/yyyy]]="","جاري الحل","تم الحل")) | I11: =IF(K11="","",IF(K11=0,"نعم","لا")) | J11: =IF(data_entry[[#This Row],[زمن الحل(يوم)]]="", "", IF(data_entry[[#This Row],[زمن الحل(يوم)]]<=3, IF(data_entry[[#This Row],[زمن الحل(يوم)]]>0, "نعم", "لا"), "لا")) | K11: =IF(OR(data_entry[[#This Row],[تاريخ الشكوي mm/dd/yyyy]]="",data_entry[[#This Row],[تاريخ الحل mm/dd/yyyy]]=""),"",data_entry[[#This Row],[تاريخ الحل mm/dd/yyyy]]-data_entry[[#This Row],[تاريخ الشكوي mm/dd/yyyy]]) | L11: =IF(data_entry[[#This Row],[تاريخ الشكوي mm/dd/yyyy]]="","",TEXT(data_entry[[#This Row],[تاريخ الشكوي mm/dd/yyyy]],"mmm-yyyy")) | M11: =IF(data_entry[[#This Row],[تاريخ الحل mm/dd/yyyy]]="","",TEXT(data_entry[[#This Row],[تاريخ الحل mm/dd/yyyy]],"mmm-yyyy")) | N11: =IF(data_entry[[#This Row],[تاريخ التغذية الراجعة mm/dd/yyyy]]="","",TEXT(data_entry[[#This Row],[تاريخ التغذية الراجعة mm/dd/yyyy]],"mmm-yy")) | O11: حقوق المرضى
A12: 10 | E12: =IF(data_entry[[#This Row],[تاريخ الشكوي mm/dd/yyyy]]="","",IF(data_entry[[#This Row],[تاريخ الحل mm/dd/yyyy]]="","جاري الحل","تم الحل")) | I12: =IF(K12="","",IF(K12=0,"نعم","لا")) | J12: =IF(data_entry[[#This Row],[زمن الحل(يوم)]]="", "", IF(data_entry[[#This Row],[زمن الحل(يوم)]]<=3, IF(data_entry[[#This Row],[زمن الحل(يوم)]]>0, "نعم", "لا"), "لا")) | K12: =IF(OR(data_entry[[#This Row],[تاريخ الشكوي mm/dd/yyyy]]="",data_entry[[#This Row],[تاريخ الحل mm/dd/yyyy]]=""),"",data_entry[[#This Row],[تاريخ الحل mm/dd/yyyy]]-data_entry[[#This Row],[تاريخ الشكوي mm/dd/yyyy]]) | L12: =IF(data_entry[[#This Row],[تاريخ الشكوي mm/dd/yyyy]]="","",TEXT(data_entry[[#This Row],[تاريخ الشكوي mm/dd/yyyy]],"mmm-yyyy")) | M12: =IF(data_entry[[#This Row],[تاريخ الحل mm/dd/yyyy]]="","",TEXT(data_entry[[#This Row],[تاريخ الحل mm/dd/yyyy]],"mmm-yyyy")) | N12: =IF(data_entry[[#This Row],[تاريخ التغذية الراجعة mm/dd/yyyy]]="","",TEXT(data_entry[[#This Row],[تاريخ التغذية الراجعة mm/dd/yyyy]],"mmm-yy")) | O12: الأمن والنظافة
A13: 11 | E13: =IF(data_entry[[#This Row],[تاريخ الشكوي mm/dd/yyyy]]="","",IF(data_entry[[#This Row],[تاريخ الحل mm/dd/yyyy]]="","جاري الحل","تم الحل")) | I13: =IF(K13="","",IF(K13=0,"نعم","لا")) | J13: =IF(data_entry[[#This Row],[زمن الحل(يوم)]]="", "", IF(data_entry[[#This Row],[زمن الحل(يوم)]]<=3, IF(data_entry[[#This Row],[زمن الحل(يوم)]]>0, "نعم", "لا"), "لا")) | K13: =IF(OR(data_entry[[#This Row],[تاريخ الشكوي mm/dd/yyyy]]="",data_entry[[#This Row],[تاريخ الحل mm/dd/yyyy]]=""),"",data_entry[[#This Row],[تاريخ الحل mm/dd/yyyy]]-data_entry[[#This Row],[تاريخ الشكوي mm/dd/yyyy]]) | L13: =IF(data_entry[[#This Row],[تاريخ الشكوي mm/dd/yyyy]]="","",TEXT(data_entry[[#This Row],[تاريخ الشكوي mm/dd/yyyy]],"mmm-yyyy")) | M13: =IF(data_entry[[#This Row],[تاريخ الحل mm/dd/yyyy]]="","",TEXT(data_entry[[#This Row],[تاريخ الحل mm/dd/yyyy]],"mmm-yyyy")) | N13: =IF(data_entry[[#This Row],[تاريخ التغذية الراجعة mm/dd/yyyy]]="","",TEXT(data_entry[[#This Row],[تاريخ التغذية الراجعة mm/dd/yyyy]],"mmm-yy")) | O13: التحويل والاحالة
A14: 12 | E14: =IF(data_entry[[#This Row],[تاريخ الشكوي mm/dd/yyyy]]="","",IF(data_entry[[#This Row],[تاريخ الحل mm/dd/yyyy]]="","جاري الحل","تم الحل")) | I14: =IF(K14="","",IF(K14=0,"نعم","لا")) | J14: =IF(data_entry[[#This Row],[زمن الحل(يوم)]]="", "", IF(data_entry[[#This Row],[زمن الحل(يوم)]]<=3, IF(data_entry[[#This Row],[زمن الحل(يوم)]]>0, "نعم", "لا"), "لا")) | K14: =IF(OR(data_entry[[#This Row],[تاريخ الشكوي mm/dd/yyyy]]="",data_entry[[#This Row],[تاريخ الحل mm/dd/yyyy]]=""),"",data_entry[[#This Row],[تاريخ الحل mm/dd/yyyy]]-data_entry[[#This Row],[تاريخ الشكوي mm/dd/yyyy]]) | L14: =IF(data_entry[[#This Row],[تاريخ الشكوي mm/dd/yyyy]]="","",TEXT(data_entry[[#This Row],[تاريخ الشكوي mm/dd/yyyy]],"mmm-yyyy")) | M14: =IF(data_entry[[#This Row],[تاريخ الحل mm/dd/yyyy]]="","",TEXT(data_entry[[#This Row],[تاريخ الحل mm/dd/yyyy]],"mmm-yyyy")) | N14: =IF(data_entry[[#This Row],[تاريخ التغذية الراجعة mm/dd/yyyy]]="","",TEXT(data_entry[[#This Row],[تاريخ التغذية الراجعة mm/dd/yyyy]],"mmm-yy")) | O14: الفحوصات الطبية(اشعة/ معمل)
A15: 13 | E15: =IF(data_entry[[#This Row],[تاريخ الشكوي mm/dd/yyyy]]="","",IF(data_entry[[#This Row],[تاريخ الحل mm/dd/yyyy]]="","جاري الحل","تم الحل")) | I15: =IF(K15="","",IF(K15=0,"نعم","لا")) | J15: =IF(data_entry[[#This Row],[زمن الحل(يوم)]]="", "", IF(data_entry[[#This Row],[زمن الحل(يوم)]]<=3, IF(data_entry[[#This Row],[زمن الحل(يوم)]]>0, "نعم", "لا"), "لا")) | K15: =IF(OR(data_entry[[#This Row],[تاريخ الشكوي mm/dd/yyyy]]="",data_entry[[#This Row],[تاريخ الحل mm/dd/yyyy]]=""),"",data_entry[[#This Row],[تاريخ الحل mm/dd/yyyy]]-data_entry[[#This Row],[تاريخ الشكوي mm/dd/yyyy]]) | L15: =IF(data_entry[[#This Row],[تاريخ الشكوي mm/dd/yyyy]]="","",TEXT(data_entry[[#This Row],[تاريخ الشكوي mm/dd/yyyy]],"mmm-yyyy")) | M15: =IF(data_entry[[#This Row],[تاريخ الحل mm/dd/yyyy]]="","",TEXT(data_entry[[#This Row],[تاريخ الحل mm/dd/yyyy]],"mmm-yyyy")) | N15: =IF(data_entry[[#This Row],[تاريخ التغذية الراجعة mm/dd/yyyy]]="","",TEXT(data_entry[[#This Row],[تاريخ التغذية الراجعة mm/dd/yyyy]],"mmm-yy")) | O15: عدم توافر الخدمة
A16: 14 | E16: =IF(data_entry[[#This Row],[تاريخ الشكوي mm/dd/yyyy]]="","",IF(data_entry[[#This Row],[تاريخ الحل mm/dd/yyyy]]="","جاري الحل","تم الحل")) | I16: =IF(K16="","",IF(K16=0,"نعم","لا")) | J16: =IF(data_entry[[#This Row],[زمن الحل(يوم)]]="", "", IF(data_entry[[#This Row],[زمن الحل(يوم)]]<=3, IF(data_entry[[#This Row],[زمن الحل(يوم)]]>0, "نعم", "لا"), "لا")) | K16: =IF(OR(data_entry[[#This Row],[تاريخ الشكوي mm/dd/yyyy]]="",data_entry[[#This Row],[تاريخ الحل mm/dd/yyyy]]=""),"",data_entry[[#This Row],[تاريخ الحل mm/dd/yyyy]]-data_entry[[#This Row],[تاريخ الشكوي mm/dd/yyyy]]) | L16: =IF(data_entry[[#This Row],[تاريخ الشكوي mm/dd/yyyy]]="","",TEXT(data_entry[[#This Row],[تاريخ الشكوي mm/dd/yyyy]],"mmm-yyyy")) | M16: =IF(data_entry[[#This Row],[تاريخ الحل mm/dd/yyyy]]="","",TEXT(data_entry[[#This Row],[تاريخ الحل mm/dd/yyyy]],"mmm-yyyy")) | N16: =IF(data_entry[[#This Row],[تاريخ التغذية الراجعة mm/dd/yyyy]]="","",TEXT(data_entry[[#This Row],[تاريخ التغذية الراجعة mm/dd/yyyy]],"mmm-yy")) | O16: الاعطال و الصيانة
A17: 15 | E17: =IF(data_entry[[#This Row],[تاريخ الشكوي mm/dd/yyyy]]="","",IF(data_entry[[#This Row],[تاريخ الحل mm/dd/yyyy]]="","جاري الحل","تم الحل")) | I17: =IF(K17="","",IF(K17=0,"نعم","لا")) | J17: =IF(data_entry[[#This Row],[زمن الحل(يوم)]]="", "", IF(data_entry[[#This Row],[زمن الحل(يوم)]]<=3, IF(data_entry[[#This Row],[زمن الحل(يوم)]]>0, "نعم", "لا"), "لا")) | K17: =IF(OR(data_entry[[#This Row],[تاريخ الشكوي mm/dd/yyyy]]="",data_entry[[#This Row],[تاريخ الحل mm/dd/yyyy]]=""),"",data_entry[[#This Row],[تاريخ الحل mm/dd/yyyy]]-data_entry[[#This Row],[تاريخ الشكوي mm/dd/yyyy]]) | L17: =IF(data_entry[[#This Row],[تاريخ الشكوي mm/dd/yyyy]]="","",TEXT(data_entry[[#This Row],[تاريخ الشكوي mm/dd/yyyy]],"mmm-yyyy")) | M17: =IF(data_entry[[#This Row],[تاريخ الحل mm/dd/yyyy]]="","",TEXT(data_entry[[#This Row],[تاريخ الحل mm/dd/yyyy]],"mmm-yyyy")) | N17: =IF(data_entry[[#This Row],[تاريخ التغذية الراجعة mm/dd/yyyy]]="","",TEXT(data_entry[[#This Row],[تاريخ التغذية الراجعة mm/dd/yyyy]],"mmm-yy")) | O17: أخرى
A18: 16 | E18: =IF(data_entry[[#This Row],[تاريخ الشكوي mm/dd/yyyy]]="","",IF(data_entry[[#This Row],[تاريخ الحل mm/dd/yyyy]]="","جاري الحل","تم الحل")) | I18: =IF(K18="","",IF(K18=0,"نعم","لا")) | J18: =IF(data_entry[[#This Row],[زمن الحل(يوم)]]="", "", IF(data_entry[[#This Row],[زمن الحل(يوم)]]<=3, IF(data_entry[[#This Row],[زمن الحل(يوم)]]>0, "نعم", "لا"), "لا")) | K18: =IF(OR(data_entry[[#This Row],[تاريخ الشكوي mm/dd/yyyy]]="",data_entry[[#This Row],[تاريخ الحل mm/dd/yyyy]]=""),"",data_entry[[#This Row],[تاريخ الحل mm/dd/yyyy]]-data_entry[[#This Row],[تاريخ الشكوي mm/dd/yyyy]]) | L18: =IF(data_entry[[#This Row],[تاريخ الشكوي mm/dd/yyyy]]="","",TEXT(data_entry[[#This Row],[تاريخ الشكوي mm/dd/yyyy]],"mmm-yyyy")) | M18: =IF(data_entry[[#This Row],[تاريخ الحل mm/dd/yyyy]]="","",TEXT(data_entry[[#This Row],[تاريخ الحل mm/dd/yyyy]],"mmm-yyyy")) | N18: =IF(data_entry[[#This Row],[تاريخ التغذية الراجعة mm/dd/yyyy]]="","",TEXT(data_entry[[#This Row],[تاريخ التغذية الراجعة mm/dd/yyyy]],"mmm-yy"))
A19: 17 | E19: =IF(data_entry[[#This Row],[تاريخ الشكوي mm/dd/yyyy]]="","",IF(data_entry[[#This Row],[تاريخ الحل mm/dd/yyyy]]="","جاري الحل","تم الحل")) | I19: =IF(K19="","",IF(K19=0,"نعم","لا")) | J19: =IF(data_entry[[#This Row],[زمن الحل(يوم)]]="", "", IF(data_entry[[#This Row],[زمن الحل(يوم)]]<=3, IF(data_entry[[#This Row],[زمن الحل(يوم)]]>0, "نعم", "لا"), "لا")) | K19: =IF(OR(data_entry[[#This Row],[تاريخ الشكوي mm/dd/yyyy]]="",data_entry[[#This Row],[تاريخ الحل mm/dd/yyyy]]=""),"",data_entry[[#This Row],[تاريخ الحل mm/dd/yyyy]]-data_entry[[#This Row],[تاريخ الشكوي mm/dd/yyyy]]) | L19: =IF(data_entry[[#This Row],[تاريخ الشكوي mm/dd/yyyy]]="","",TEXT(data_entry[[#This Row],[تاريخ الشكوي mm/dd/yyyy]],"mmm-yyyy")) | M19: =IF(data_entry[[#This Row],[تاريخ الحل mm/dd/yyyy]]="","",TEXT(data_entry[[#This Row],[تاريخ الحل mm/dd/yyyy]],"mmm-yyyy")) | N19: =IF(data_entry[[#This Row],[تاريخ التغذية الراجعة mm/dd/yyyy]]="","",TEXT(data_entry[[#This Row],[تاريخ التغذية الراجعة mm/dd/yyyy]],"mmm-yy"))
A20: 18 | E20: =IF(data_entry[[#This Row],[تاريخ الشكوي mm/dd/yyyy]]="","",IF(data_entry[[#This Row],[تاريخ الحل mm/dd/yyyy]]="","جاري الحل","تم الحل")) | I20: =IF(K20="","",IF(K20=0,"نعم","لا")) | J20: =IF(data_entry[[#This Row],[زمن الحل(يوم)]]="", "", IF(data_entry[[#This Row],[زمن الحل(يوم)]]<=3, IF(data_entry[[#This Row],[زمن الحل(يوم)]]>0, "نعم", "لا"), "لا")) | K20: =IF(OR(data_entry[[#This Row],[تاريخ الشكوي mm/dd/yyyy]]="",data_entry[[#This Row],[تاريخ الحل mm/dd/yyyy]]=""),"",data_entry[[#This Row],[تاريخ الحل mm/dd/yyyy]]-data_entry[[#This Row],[تاريخ الشكوي mm/dd/yyyy]]) | L20: =IF(data_entry[[#This Row],[تاريخ الشكوي mm/dd/yyyy]]="","",TEXT(data_entry[[#This Row],[تاريخ الشكوي mm/dd/yyyy]],"mmm-yyyy")) | M20: =IF(data_entry[[#This Row],[تاريخ الحل mm/dd/yyyy]]="","",TEXT(data_entry[[#This Row],[تاريخ الحل mm/dd/yyyy]],"mmm-yyyy")) | N20: =IF(data_entry[[#This Row],[تاريخ التغذية الراجعة mm/dd/yyyy]]="","",TEXT(data_entry[[#This Row],[تاريخ التغذية الراجعة mm/dd/yyyy]],"mmm-yy"))
A21: 19 | E21: =IF(data_entry[[#This Row],[تاريخ الشكوي mm/dd/yyyy]]="","",IF(data_entry[[#This Row],[تاريخ الحل mm/dd/yyyy]]="","جاري الحل","تم الحل")) | I21: =IF(K21="","",IF(K21=0,"نعم","لا")) | J21: =IF(data_entry[[#This Row],[زمن الحل(يوم)]]="", "", IF(data_entry[[#This Row],[زمن الحل(يوم)]]<=3, IF(data_entry[[#This Row],[زمن الحل(يوم)]]>0, "نعم", "لا"), "لا")) | K21: =IF(OR(data_entry[[#This Row],[تاريخ الشكوي mm/dd/yyyy]]="",data_entry[[#This Row],[تاريخ الحل mm/dd/yyyy]]=""),"",data_entry[[#This Row],[تاريخ الحل mm/dd/yyyy]]-data_entry[[#This Row],[تاريخ الشكوي mm/dd/yyyy]]) | L21: =IF(data_entry[[#This Row],[تاريخ الشكوي mm/dd/yyyy]]="","",TEXT(data_entry[[#This Row],[تاريخ الشكوي mm/dd/yyyy]],"mmm-yyyy")) | M21: =IF(data_entry[[#This Row],[تاريخ الحل mm/dd/yyyy]]="","",TEXT(data_entry[[#This Row],[تاريخ الحل mm/dd/yyyy]],"mmm-yyyy")) | N21: =IF(data_entry[[#This Row],[تاريخ التغذية الراجعة mm/dd/yyyy]]="","",TEXT(data_entry[[#This Row],[تاريخ التغذية الراجعة mm/dd/yyyy]],"mmm-yy"))
A22: 20 | E22: =IF(data_entry[[#This Row],[تاريخ الشكوي mm/dd/yyyy]]="","",IF(data_entry[[#This Row],[تاريخ الحل mm/dd/yyyy]]="","جاري الحل","تم الحل")) | I22: =IF(K22="","",IF(K22=0,"نعم","لا")) | J22: =IF(data_entry[[#This Row],[زمن الحل(يوم)]]="", "", IF(data_entry[[#This Row],[زمن الحل(يوم)]]<=3, IF(data_entry[[#This Row],[زمن الحل(يوم)]]>0, "نعم", "لا"), "لا")) | K22: =IF(OR(data_entry[[#This Row],[تاريخ الشكوي mm/dd/yyyy]]="",data_entry[[#This Row],[تاريخ الحل mm/dd/yyyy]]=""),"",data_entry[[#This Row],[تاريخ الحل mm/dd/yyyy]]-data_entry[[#This Row],[تاريخ الشكوي mm/dd/yyyy]]) | L22: =IF(data_entry[[#This Row],[تاريخ الشكوي mm/dd/yyyy]]="","",TEXT(data_entry[[#This Row],[تاريخ الشكوي mm/dd/yyyy]],"mmm-yyyy")) | M22: =IF(data_entry[[#This Row],[تاريخ الحل mm/dd/yyyy]]="","",TEXT(data_entry[[#This Row],[تاريخ الحل mm/dd/yyyy]],"mmm-yyyy")) | N22: =IF(data_entry[[#This Row],[تاريخ التغذية الراجعة mm/dd/yyyy]]="","",TEXT(data_entry[[#This Row],[تاريخ التغذية الراجعة mm/dd/yyyy]],"mmm-yy"))
A23: 21 | E23: =IF(data_entry[[#This Row],[تاريخ الشكوي mm/dd/yyyy]]="","",IF(data_entry[[#This Row],[تاريخ الحل mm/dd/yyyy]]="","جاري الحل","تم الحل")) | I23: =IF(K23="","",IF(K23=0,"نعم","لا")) | J23: =IF(data_entry[[#This Row],[زمن الحل(يوم)]]="", "", IF(data_entry[[#This Row],[زمن الحل(يوم)]]<=3, IF(data_entry[[#This Row],[زمن الحل(يوم)]]>0, "نعم", "لا"), "لا")) | K23: =IF(OR(data_entry[[#This Row],[تاريخ الشكوي mm/dd/yyyy]]="",data_entry[[#This Row],[تاريخ الحل mm/dd/yyyy]]=""),"",data_entry[[#This Row],[تاريخ الحل mm/dd/yyyy]]-data_entry[[#This Row],[تاريخ الشكوي mm/dd/yyyy]]) | L23: =IF(data_entry[[#This Row],[تاريخ الشكوي mm/dd/yyyy]]="","",TEXT(data_entry[[#This Row],[تاريخ الشكوي mm/dd/yyyy]],"mmm-yyyy")) | M23: =IF(data_entry[[#This Row],[تاريخ الحل mm/dd/yyyy]]="","",TEXT(data_entry[[#This Row],[تاريخ الحل mm/dd/yyyy]],"mmm-yyyy")) | N23: =IF(data_entry[[#This Row],[تاريخ التغذية الراجعة mm/dd/yyyy]]="","",TEXT(data_entry[[#This Row],[تاريخ التغذية الراجعة mm/dd/yyyy]],"mmm-yy"))
A24: 22 | E24: =IF(data_entry[[#This Row],[تاريخ الشكوي mm/dd/yyyy]]="","",IF(data_entry[[#This Row],[تاريخ الحل mm/dd/yyyy]]="","جاري الحل","تم الحل")) | I24: =IF(K24="","",IF(K24=0,"نعم","لا")) | J24: =IF(data_entry[[#This Row],[زمن الحل(يوم)]]="", "", IF(data_entry[[#This Row],[زمن الحل(يوم)]]<=3, IF(data_entry[[#This Row],[زمن الحل(يوم)]]>0, "نعم", "لا"), "لا")) | K24: =IF(OR(data_entry[[#This Row],[تاريخ الشكوي mm/dd/yyyy]]="",data_entry[[#This Row],[تاريخ الحل mm/dd/yyyy]]=""),"",data_entry[[#This Row],[تاريخ الحل mm/dd/yyyy]]-data_entry[[#This Row],[تاريخ الشكوي mm/dd/yyyy]]) | L24: =IF(data_entry[[#This Row],[تاريخ الشكوي mm/dd/yyyy]]="","",TEXT(data_entry[[#This Row],[تاريخ الشكوي mm/dd/yyyy]],"mmm-yyyy")) | M24: =IF(data_entry[[#This Row],[تاريخ الحل mm/dd/yyyy]]="","",TEXT(data_entry[[#This Row],[تاريخ الحل mm/dd/yyyy]],"mmm-yyyy")) | N24: =IF(data_entry[[#This Row],[تاريخ التغذية الراجعة mm/dd/yyyy]]="","",TEXT(data_entry[[#This Row],[تاريخ التغذية الراجعة mm/dd/yyyy]],"mmm-yy"))
A25: 23 | E25: =IF(data_entry[[#This Row],[تاريخ الشكوي mm/dd/yyyy]]="","",IF(data_entry[[#This Row],[تاريخ الحل mm/dd/yyyy]]="","جاري الحل","تم الحل")) | I25: =IF(K25="","",IF(K25=0,"نعم","لا")) | J25: =IF(data_entry[[#This Row],[زمن الحل(يوم)]]="", "", IF(data_entry[[#This Row],[زمن الحل(يوم)]]<=3, IF(data_entry[[#This Row],[زمن الحل(يوم)]]>0, "نعم", "لا"), "لا")) | K25: =IF(OR(data_entry[[#This Row],[تاريخ الشكوي mm/dd/yyyy]]="",data_entry[[#This Row],[تاريخ الحل mm/dd/yyyy]]=""),"",data_entry[[#This Row],[تاريخ الحل mm/dd/yyyy]]-data_entry[[#This Row],[تاريخ الشكوي mm/dd/yyyy]]) | L25: =IF(data_entry[[#This Row],[تاريخ الشكوي mm/dd/yyyy]]="","",TEXT(data_entry[[#This Row],[تاريخ الشكوي mm/dd/yyyy]],"mmm-yyyy")) | M25: =IF(data_entry[[#This Row],[تاريخ الحل mm/dd/yyyy]]="","",TEXT(data_entry[[#This Row],[تاريخ الحل mm/dd/yyyy]],"mmm-yyyy")) | N25: =IF(data_entry[[#This Row],[تاريخ التغذية الراجعة mm/dd/yyyy]]="","",TEXT(data_entry[[#This Row],[تاريخ التغذية الراجعة mm/dd/yyyy]],"mmm-yy"))
A26: 24 | E26: =IF(data_entry[[#This Row],[تاريخ الشكوي mm/dd/yyyy]]="","",IF(data_entry[[#This Row],[تاريخ الحل mm/dd/yyyy]]="","جاري الحل","تم الحل")) | I26: =IF(K26="","",IF(K26=0,"نعم","لا")) | J26: =IF(data_entry[[#This Row],[زمن الحل(يوم)]]="", "", IF(data_entry[[#This Row],[زمن الحل(يوم)]]<=3, IF(data_entry[[#This Row],[زمن الحل(يوم)]]>0, "نعم", "لا"), "لا")) | K26: =IF(OR(data_entry[[#This Row],[تاريخ الشكوي mm/dd/yyyy]]="",data_entry[[#This Row],[تاريخ الحل mm/dd/yyyy]]=""),"",data_entry[[#This Row],[تاريخ الحل mm/dd/yyyy]]-data_entry[[#This Row],[تاريخ الشكوي mm/dd/yyyy]]) | L26: =IF(data_entry[[#This Row],[تاريخ الشكوي mm/dd/yyyy]]="","",TEXT(data_entry[[#This Row],[تاريخ الشكوي mm/dd/yyyy]],"mmm-yyyy")) | M26: =IF(data_entry[[#This Row],[تاريخ الحل mm/dd/yyyy]]="","",TEXT(data_entry[[#This Row],[تاريخ الحل mm/dd/yyyy]],"mmm-yyyy")) | N26: =IF(data_entry[[#This Row],[تاريخ التغذية الراجعة mm/dd/yyyy]]="","",TEXT(data_entry[[#This Row],[تاريخ التغذية الراجعة mm/dd/yyyy]],"mmm-yy"))
A27: 25 | E27: =IF(data_entry[[#This Row],[تاريخ الشكوي mm/dd/yyyy]]="","",IF(data_entry[[#This Row],[تاريخ الحل mm/dd/yyyy]]="","جاري الحل","تم الحل")) | I27: =IF(K27="","",IF(K27=0,"نعم","لا")) | J27: =IF(data_entry[[#This Row],[زمن الحل(يوم)]]="", "", IF(data_entry[[#This Row],[زمن الحل(يوم)]]<=3, IF(data_entry[[#This Row],[زمن الحل(يوم)]]>0, "نعم", "لا"), "لا")) | K27: =IF(OR(data_entry[[#This Row],[تاريخ الشكوي mm/dd/yyyy]]="",data_entry[[#This Row],[تاريخ الحل mm/dd/yyyy]]=""),"",data_entry[[#This Row],[تاريخ الحل mm/dd/yyyy]]-data_entry[[#This Row],[تاريخ الشكوي mm/dd/yyyy]]) | L27: =IF(data_entry[[#This Row],[تاريخ الشكوي mm/dd/yyyy]]="","",TEXT(data_entry[[#This Row],[تاريخ الشكوي mm/dd/yyyy]],"mmm-yyyy")) | M27: =IF(data_entry[[#This Row],[تاريخ الحل mm/dd/yyyy]]="","",TEXT(data_entry[[#This Row],[تاريخ الحل mm/dd/yyyy]],"mmm-yyyy")) | N27: =IF(data_entry[[#This Row],[تاريخ التغذية الراجعة mm/dd/yyyy]]="","",TEXT(data_entry[[#This Row],[تاريخ التغذية الراجعة mm/dd/yyyy]],"mmm-yy"))
A28: 26 | E28: =IF(data_entry[[#This Row],[تاريخ الشكوي mm/dd/yyyy]]="","",IF(data_entry[[#This Row],[تاريخ الحل mm/dd/yyyy]]="","جاري الحل","تم الحل")) | I28: =IF(K28="","",IF(K28=0,"نعم","لا")) | J28: =IF(data_entry[[#This Row],[زمن الحل(يوم)]]="", "", IF(data_entry[[#This Row],[زمن الحل(يوم)]]<=3, IF(data_entry[[#This Row],[زمن الحل(يوم)]]>0, "نعم", "لا"), "لا")) | K28: =IF(OR(data_entry[[#This Row],[تاريخ الشكوي mm/dd/yyyy]]="",data_entry[[#This Row],[تاريخ الحل mm/dd/yyyy]]=""),"",data_entry[[#This Row],[تاريخ الحل mm/dd/yyyy]]-data_entry[[#This Row],[تاريخ الشكوي mm/dd/yyyy]]) | L28: =IF(data_entry[[#This Row],[تاريخ الشكوي mm/dd/yyyy]]="","",TEXT(data_entry[[#This Row],[تاريخ الشكوي mm/dd/yyyy]],"mmm-yyyy")) | M28: =IF(data_entry[[#This Row],[تاريخ الحل mm/dd/yyyy]]="","",TEXT(data_entry[[#This Row],[تاريخ الحل mm/dd/yyyy]],"mmm-yyyy")) | N28: =IF(data_entry[[#This Row],[تاريخ التغذية الراجعة mm/dd/yyyy]]="","",TEXT(data_entry[[#This Row],[تاريخ التغذية الراجعة mm/dd/yyyy]],"mmm-yy"))
A29: 27 | E29: =IF(data_entry[[#This Row],[تاريخ الشكوي mm/dd/yyyy]]="","",IF(data_entry[[#This Row],[تاريخ الحل mm/dd/yyyy]]="","جاري الحل","تم الحل")) | I29: =IF(K29="","",IF(K29=0,"نعم","لا")) | J29: =IF(data_entry[[#This Row],[زمن الحل(يوم)]]="", "", IF(data_entry[[#This Row],[زمن الحل(يوم)]]<=3, IF(data_entry[[#This Row],[زمن الحل(يوم)]]>0, "نعم", "لا"), "لا")) | K29: =IF(OR(data_entry[[#This Row],[تاريخ الشكوي mm/dd/yyyy]]="",data_entry[[#This Row],[تاريخ الحل mm/dd/yyyy]]=""),"",data_entry[[#This Row],[تاريخ الحل mm/dd/yyyy]]-data_entry[[#This Row],[تاريخ الشكوي mm/dd/yyyy]]) | L29: =IF(data_entry[[#This Row],[تاريخ الشكوي mm/dd/yyyy]]="","",TEXT(data_entry[[#This Row],[تاريخ الشكوي mm/dd/yyyy]],"mmm-yyyy")) | M29: =IF(data_entry[[#This Row],[تاريخ الحل mm/dd/yyyy]]="","",TEXT(data_entry[[#This Row],[تاريخ الحل mm/dd/yyyy]],"mmm-yyyy")) | N29: =IF(data_entry[[#This Row],[تاريخ التغذية الراجعة mm/dd/yyyy]]="","",TEXT(data_entry[[#This Row],[تاريخ التغذية الراجعة mm/dd/yyyy]],"mmm-yy"))
... A352: 350 | E352: =IF(data_entry[[#This Row],[تاريخ الشكوي mm/dd/yyyy]]="","",IF(data_entry[[#This Row],[تاريخ الحل mm/dd/yyyy]]="","جاري الحل","تم الحل")) | I352: =IF(K352="","",IF(K352=0,"نعم","لا")) | J352: =IF(data_entry[[#This Row],[زمن الحل(يوم)]]="", "", IF(data_entry[[#This Row],[زمن الحل(يوم)]]<=3, IF(data_entry[[#This Row],[زمن الحل(يوم)]]>0, "نعم", "لا"), "لا")) | K352: =IF(OR(data_entry[[#This Row],[تاريخ الشكوي mm/dd/yyyy]]="",data_entry[[#This Row],[تاريخ الحل mm/dd/yyyy]]=""),"",data_entry[[#This Row],[تاريخ الحل mm/dd/yyyy]]-data_entry[[#This Row],[تاريخ الشكوي mm/dd/yyyy]]) | L352: =IF(data_entry[[#This Row],[تاريخ الشكوي mm/dd/yyyy]]="","",TEXT(data_entry[[#This Row],[تاريخ الشكوي mm/dd/yyyy]],"mmm-yyyy")) | M352: =IF(data_entry[[#This Row],[تاريخ الحل mm/dd/yyyy]]="","",TEXT(data_entry[[#This Row],[تاريخ الحل mm/dd/yyyy]],"mmm-yyyy")) | N352: =IF(data_entry[[#This Row],[تاريخ التغذية الراجعة mm/dd/yyyy]]="","",TEXT(data_entry[[#This Row],[تاريخ التغذية الراجعة mm/dd/yyyy]],"mmm-yy"))

Sheet تدريب
A1: 🎓 سجل التدريب
A3: م | B3: البند | C3: Jan-26 | D3: Feb-26 | E3: Mar-26 | F3: Apr-26 | G3: May-26 | H3: Jun-26 | I3: Jul-26 | J3: Aug-26 | K3: Sep-26 | L3: Oct-26 | M3: Nov-26 | N3: Dec-26
A4: 1 | B4: اجمالي عدد الاطباء بالوحدة | C4: 12 | F4: 12
A5: 2 | B5: اجمالي عدد التمريض بالوحدة | C5: 20 | F5: 25
A6: 3 | B6: اجمالي عدد العاملين بالوحدة | C6: 60 | F6: 65
A7: 4 | B7: عدد الاطباء المدربين على BLS (شهادة معتمدة) | C7: 6 | F7: 6
A8: 5 | B8: عدد اعضاء هيئة التمريض المدربين على BLS(شهادة معتمدة) | C8: 15 | F8: 15
A9: 6 | B9: عدد العاملين المدربين على الدفاع المدني (شهادات معتمدة) | C9: 12 | F9: 12

Sheet الإفاقة القلبية
A1: ❤️ سجل الإفاقة القلبية التنفسية (CPR)
A2: ⚠️ يُستخدم هذا السجل لتوثيق جميع حالات توقف القلب والإنعاش القلبي الرئوي
A4: م | B4: اسم المريض | C4: الرقم الطبي | D4: تاريخ حدوث توقف القلب mm/dd/yyyy | E4: مكان حدوث توقف القلب | F4: وقت اعلان Code Blue | G4: وقت بداية CPR | H4: وقت وصول فريق الCode Blue كاملا | I4: زمن الاستجابة للCode Blue | J4: عدد دورات CPR (2نفس/30 ضغطة) | K4: وقت انتهاء CPR | L4: مدة الانعاش الكلية | M4: نتيجة الانعاش عند الانتهاء (نجاة / وفاة) | N4: نموذج التوثيق كامل البيانات | O4: شهر حدوث الحدث | P4: Column1 | Q4: الرعاية المركزة | R4: نعم | S4: وفاة | T4: نجاة | U4: 10 | V4: 11
A5: 1 | B5: تجربة للافاقة القلبية | C5: 5463 | D5: 46180 | E5: وحدة رعاية أولية | F5: 0.52083333 | G5: 0.52083333 | H5: 0.52361111 | I5: ='الإفاقة القلبية'!$H5-'الإفاقة القلبية'!$F5 -> 0.0027777778 | J5: 35 | K5: 0.53055556 | L5: ='الإفاقة القلبية'!$K5-'الإفاقة القلبية'!$G5 -> 0.0097222222 | M5: وفاة | N5: نعم | O5: =IF(Table6[[#This Row],[تاريخ حدوث توقف القلب mm/dd/yyyy]]="","",TEXT(Table6[[#This Row],[تاريخ حدوث توقف القلب mm/dd/yyyy]],"mmm-yyyy")) -> Jun-2026 | Q5: الحضانات | R5: لا | S5: تحسن | T5: وفاة | U5: 10
A6: 2 | B6: تجربة للافاقة القلبية | D6: 46176 | E6: وحدة رعاية أولية | F6: 0.41666667 | G6: 0.41666667 | H6: 0.42916667 | I6: ='الإفاقة القلبية'!$H6-'الإفاقة القلبية'!$F6 -> 0.0125 | L6: ='الإفاقة القلبية'!$K6-'الإفاقة القلبية'!$G6 -> -0.41666667 | O6: =IF(Table6[[#This Row],[تاريخ حدوث توقف القلب mm/dd/yyyy]]="","",TEXT(Table6[[#This Row],[تاريخ حدوث توقف القلب mm/dd/yyyy]],"mmm-yyyy")) -> Jun-2026 | Q6: الطوارئ والاستقبال | S6: نقل/إحالة | U6: 10
A7: 3 | I7: ='الإفاقة القلبية'!$H7-'الإفاقة القلبية'!$F7 -> 0 | L7: ='الإفاقة القلبية'!$K7-'الإفاقة القلبية'!$G7 -> 0 | O7: =IF(Table6[[#This Row],[تاريخ حدوث توقف القلب mm/dd/yyyy]]="","",TEXT(Table6[[#This Row],[تاريخ حدوث توقف القلب mm/dd/yyyy]],"mmm-yyyy")) | Q7: الغسيل الكلوي | U7: 10
A8: 4 | I8: ='الإفاقة القلبية'!$H8-'الإفاقة القلبية'!$F8 -> 0 | L8: ='الإفاقة القلبية'!$K8-'الإفاقة القلبية'!$G8 -> 0 | O8: =IF(Table6[[#This Row],[تاريخ حدوث توقف القلب mm/dd/yyyy]]="","",TEXT(Table6[[#This Row],[تاريخ حدوث توقف القلب mm/dd/yyyy]],"mmm-yyyy")) | Q8: العمليات | U8: 10
A9: 5 | I9: ='الإفاقة القلبية'!$H9-'الإفاقة القلبية'!$F9 -> 0 | L9: ='الإفاقة القلبية'!$K9-'الإفاقة القلبية'!$G9 -> 0 | O9: =IF(Table6[[#This Row],[تاريخ حدوث توقف القلب mm/dd/yyyy]]="","",TEXT(Table6[[#This Row],[تاريخ حدوث توقف القلب mm/dd/yyyy]],"mmm-yyyy")) | Q9: الأقسام الداخلية | U9: 10
A10: 6 | I10: ='الإفاقة القلبية'!$H10-'الإفاقة القلبية'!$F10 -> 0 | L10: ='الإفاقة القلبية'!$K10-'الإفاقة القلبية'!$G10 -> 0 | O10: =IF(Table6[[#This Row],[تاريخ حدوث توقف القلب mm/dd/yyyy]]="","",TEXT(Table6[[#This Row],[تاريخ حدوث توقف القلب mm/dd/yyyy]],"mmm-yyyy")) | Q10: أخرى | U10: 10
A11: 7 | I11: ='الإفاقة القلبية'!$H11-'الإفاقة القلبية'!$F11 -> 0 | L11: ='الإفاقة القلبية'!$K11-'الإفاقة القلبية'!$G11 -> 0 | O11: =IF(Table6[[#This Row],[تاريخ حدوث توقف القلب mm/dd/yyyy]]="","",TEXT(Table6[[#This Row],[تاريخ حدوث توقف القلب mm/dd/yyyy]],"mmm-yyyy")) | Q11: وحدة رعاية أولية | U11: 10
A12: 8 | I12: ='الإفاقة القلبية'!$H12-'الإفاقة القلبية'!$F12 -> 0 | L12: ='الإفاقة القلبية'!$K12-'الإفاقة القلبية'!$G12 -> 0 | O12: =IF(Table6[[#This Row],[تاريخ حدوث توقف القلب mm/dd/yyyy]]="","",TEXT(Table6[[#This Row],[تاريخ حدوث توقف القلب mm/dd/yyyy]],"mmm-yyyy")) | U12: 10
A13: 9 | I13: ='الإفاقة القلبية'!$H13-'الإفاقة القلبية'!$F13 -> 0 | L13: ='الإفاقة القلبية'!$K13-'الإفاقة القلبية'!$G13 -> 0 | O13: =IF(Table6[[#This Row],[تاريخ حدوث توقف القلب mm/dd/yyyy]]="","",TEXT(Table6[[#This Row],[تاريخ حدوث توقف القلب mm/dd/yyyy]],"mmm-yyyy")) | U13: 10
A14: 10 | I14: ='الإفاقة القلبية'!$H14-'الإفاقة القلبية'!$F14 -> 0 | L14: ='الإفاقة القلبية'!$K14-'الإفاقة القلبية'!$G14 -> 0 | O14: =IF(Table6[[#This Row],[تاريخ حدوث توقف القلب mm/dd/yyyy]]="","",TEXT(Table6[[#This Row],[تاريخ حدوث توقف القلب mm/dd/yyyy]],"mmm-yyyy")) | U14: 10
A15: 11 | I15: ='الإفاقة القلبية'!$H15-'الإفاقة القلبية'!$F15 -> 0 | L15: ='الإفاقة القلبية'!$K15-'الإفاقة القلبية'!$G15 -> 0 | O15: =IF(Table6[[#This Row],[تاريخ حدوث توقف القلب mm/dd/yyyy]]="","",TEXT(Table6[[#This Row],[تاريخ حدوث توقف القلب mm/dd/yyyy]],"mmm-yyyy")) | U15: 10
A16: 12 | I16: ='الإفاقة القلبية'!$H16-'الإفاقة القلبية'!$F16 -> 0 | L16: ='الإفاقة القلبية'!$K16-'الإفاقة القلبية'!$G16 -> 0 | O16: =IF(Table6[[#This Row],[تاريخ حدوث توقف القلب mm/dd/yyyy]]="","",TEXT(Table6[[#This Row],[تاريخ حدوث توقف القلب mm/dd/yyyy]],"mmm-yyyy")) | U16: 10
A17: 13 | I17: ='الإفاقة القلبية'!$H17-'الإفاقة القلبية'!$F17 -> 0 | L17: ='الإفاقة القلبية'!$K17-'الإفاقة القلبية'!$G17 -> 0 | O17: =IF(Table6[[#This Row],[تاريخ حدوث توقف القلب mm/dd/yyyy]]="","",TEXT(Table6[[#This Row],[تاريخ حدوث توقف القلب mm/dd/yyyy]],"mmm-yyyy")) | U17: 10
A18: 14 | I18: ='الإفاقة القلبية'!$H18-'الإفاقة القلبية'!$F18 -> 0 | L18: ='الإفاقة القلبية'!$K18-'الإفاقة القلبية'!$G18 -> 0 | O18: =IF(Table6[[#This Row],[تاريخ حدوث توقف القلب mm/dd/yyyy]]="","",TEXT(Table6[[#This Row],[تاريخ حدوث توقف القلب mm/dd/yyyy]],"mmm-yyyy")) | U18: 10
A19: 15 | I19: ='الإفاقة القلبية'!$H19-'الإفاقة القلبية'!$F19 -> 0 | L19: ='الإفاقة القلبية'!$K19-'الإفاقة القلبية'!$G19 -> 0 | O19: =IF(Table6[[#This Row],[تاريخ حدوث توقف القلب mm/dd/yyyy]]="","",TEXT(Table6[[#This Row],[تاريخ حدوث توقف القلب mm/dd/yyyy]],"mmm-yyyy")) | U19: 10
A20: 16 | I20: ='الإفاقة القلبية'!$H20-'الإفاقة القلبية'!$F20 -> 0 | L20: ='الإفاقة القلبية'!$K20-'الإفاقة القلبية'!$G20 -> 0 | O20: =IF(Table6[[#This Row],[تاريخ حدوث توقف القلب mm/dd/yyyy]]="","",TEXT(Table6[[#This Row],[تاريخ حدوث توقف القلب mm/dd/yyyy]],"mmm-yyyy")) | U20: 10
A21: 17 | I21: ='الإفاقة القلبية'!$H21-'الإفاقة القلبية'!$F21 -> 0 | L21: ='الإفاقة القلبية'!$K21-'الإفاقة القلبية'!$G21 -> 0 | O21: =IF(Table6[[#This Row],[تاريخ حدوث توقف القلب mm/dd/yyyy]]="","",TEXT(Table6[[#This Row],[تاريخ حدوث توقف القلب mm/dd/yyyy]],"mmm-yyyy")) | U21: 10
A22: 18 | I22: ='الإفاقة القلبية'!$H22-'الإفاقة القلبية'!$F22 -> 0 | L22: ='الإفاقة القلبية'!$K22-'الإفاقة القلبية'!$G22 -> 0 | O22: =IF(Table6[[#This Row],[تاريخ حدوث توقف القلب mm/dd/yyyy]]="","",TEXT(Table6[[#This Row],[تاريخ حدوث توقف القلب mm/dd/yyyy]],"mmm-yyyy")) | U22: 10
A23: 19 | I23: ='الإفاقة القلبية'!$H23-'الإفاقة القلبية'!$F23 -> 0 | L23: ='الإفاقة القلبية'!$K23-'الإفاقة القلبية'!$G23 -> 0 | O23: =IF(Table6[[#This Row],[تاريخ حدوث توقف القلب mm/dd/yyyy]]="","",TEXT(Table6[[#This Row],[تاريخ حدوث توقف القلب mm/dd/yyyy]],"mmm-yyyy")) | U23: 10
... A203: 199 | I203: ='الإفاقة القلبية'!$H203-'الإفاقة القلبية'!$F203 -> 0 | L203: ='الإفاقة القلبية'!$K203-'الإفاقة القلبية'!$G203 -> 0 | O203: =IF(Table6[[#This Row],[تاريخ حدوث توقف القلب mm/dd/yyyy]]="","",TEXT(Table6[[#This Row],[تاريخ حدوث توقف القلب mm/dd/yyyy]],"mmm-yyyy")) | U203: 10
A204: 200 | I204: ='الإفاقة القلبية'!$H204-'الإفاقة القلبية'!$F204 -> 0 | L204: ='الإفاقة القلبية'!$K204-'الإفاقة القلبية'!$G204 -> 0 | O204: =IF(Table6[[#This Row],[تاريخ حدوث توقف القلب mm/dd/yyyy]]="","",TEXT(Table6[[#This Row],[تاريخ حدوث توقف القلب mm/dd/yyyy]],"mmm-yyyy"))

Sheet الطوارئ والاستقبال
A1: 🚨 سجل الطوارئ والاستقبال
A3: م | B3: التاريخ | C3: اسم المريض | D3: الرقم الطبي/ رقم السجل | E3: تاريخ الزيارة mm/dd/yyyy | F3: ساعة الدخول | G3: ساعة الخروج | H3: الوقت المستغرق | J3: الشهر | K3: عدد مرضى اعادة الدخول خلال 72 ساعة | L3: اجمالي مرضى الطوارئ | N3: شهر الزيارة
A4: 1 | B4: 46174 | C4: محمود سيد احمد | D4: 12345 | E4: 46174 | F4: 0.52361111 | G4: 0.53194444 | H4: =G4-F4 -> 0.0083333333 | J4: 46023 | N4: =IF(E4="","",TEXT(E4,"mmm-yyyy")) -> Jun-2026 | O4: 10
A5: 2 | B5: 46175 | C5: محمود سيد احمد | D5: 12346 | E5: 46175 | F5: 0.52361111 | G5: 0.53194444 | H5: =G5-F5 -> 0.0083333333 | J5: 46054 | N5: =IF(E5="","",TEXT(E5,"mmm-yyyy")) -> Jun-2026 | O5: 10
A6: 3 | B6: 46176 | C6: محمود سيد احمد | D6: 12347 | E6: 46176 | F6: 0.52361111 | G6: 0.53194444 | H6: =G6-F6 -> 0.0083333333 | J6: 46082 | N6: =IF(E6="","",TEXT(E6,"mmm-yyyy")) -> Jun-2026 | O6: 10
A7: 4 | H7: =G7-F7 -> 0 | J7: 46113 | N7: =IF(E7="","",TEXT(E7,"mmm-yyyy")) | O7: 10
A8: 5 | H8: =G8-F8 -> 0 | J8: 46143 | N8: =IF(E8="","",TEXT(E8,"mmm-yyyy")) | O8: 10
A9: 6 | H9: =G9-F9 -> 0 | J9: 46174 | K9: 5 | L9: 200 | N9: =IF(E9="","",TEXT(E9,"mmm-yyyy")) | O9: 10
A10: 7 | H10: =G10-F10 -> 0 | J10: 46204 | N10: =IF(E10="","",TEXT(E10,"mmm-yyyy")) | O10: 10
A11: 8 | H11: =G11-F11 -> 0 | J11: 46235 | N11: =IF(E11="","",TEXT(E11,"mmm-yyyy")) | O11: 10
A12: 9 | H12: =G12-F12 -> 0 | J12: 46266 | N12: =IF(E12="","",TEXT(E12,"mmm-yyyy")) | O12: 10
A13: 10 | H13: =G13-F13 -> 0 | J13: 46296 | N13: =IF(E13="","",TEXT(E13,"mmm-yyyy")) | O13: 10
A14: 11 | H14: =G14-F14 -> 0 | J14: 46327 | N14: =IF(E14="","",TEXT(E14,"mmm-yyyy")) | O14: 10
A15: 12 | H15: =G15-F15 -> 0 | J15: 46357 | N15: =IF(E15="","",TEXT(E15,"mmm-yyyy")) | O15: 10
A16: 13 | H16: =G16-F16 -> 0 | N16: =IF(E16="","",TEXT(E16,"mmm-yyyy")) | O16: 10
A17: 14 | H17: =G17-F17 -> 0 | N17: =IF(E17="","",TEXT(E17,"mmm-yyyy")) | O17: 10
A18: 15 | H18: =G18-F18 -> 0 | N18: =IF(E18="","",TEXT(E18,"mmm-yyyy")) | O18: 10
A19: 16 | H19: =G19-F19 -> 0 | N19: =IF(E19="","",TEXT(E19,"mmm-yyyy")) | O19: 10
A20: 17 | H20: =G20-F20 -> 0 | N20: =IF(E20="","",TEXT(E20,"mmm-yyyy")) | O20: 10
A21: 18 | H21: =G21-F21 -> 0 | N21: =IF(E21="","",TEXT(E21,"mmm-yyyy")) | O21: 10
A22: 19 | H22: =G22-F22 -> 0 | N22: =IF(E22="","",TEXT(E22,"mmm-yyyy")) | O22: 10
A23: 20 | H23: =G23-F23 -> 0 | N23: =IF(E23="","",TEXT(E23,"mmm-yyyy")) | O23: 10
A24: 21 | H24: =G24-F24 -> 0 | N24: =IF(E24="","",TEXT(E24,"mmm-yyyy")) | O24: 10
A25: 22 | H25: =G25-F25 -> 0 | N25: =IF(E25="","",TEXT(E25,"mmm-yyyy")) | O25: 10
A26: 23 | H26: =G26-F26 -> 0 | N26: =IF(E26="","",TEXT(E26,"mmm-yyyy")) | O26: 10
A27: 24 | H27: =G27-F27 -> 0 | N27: =IF(E27="","",TEXT(E27,"mmm-yyyy")) | O27: 10
... A243: 240 | H243: =G243-F243 -> 0 | N243: =IF(E243="","",TEXT(E243,"mmm-yyyy")) | O243: 10

Sheet الاجمالي الشهري
A1: 📅 الإجمالي الشهري
A3: Column1 | B3: Column2 | C3: Column3 | D3: Column4 | E3: Column5 | F3: Column6 | G3: Column7 | H3: Column8 | I3: Column9 | J3: Column10 | K3: Column11 | L3: Column12 | M3: Column13
A4: البند | B4: 46023 | C4: 46054 | D4: 46082 | E4: 46113 | F4: 46143 | G4: 46174 | H4: 46204 | I4: 46235 | J4: 46266 | K4: 46296 | L4: 46327 | M4: 46357
A5: 📋 الشكاوى
A6: إجمالي عدد الشكاوى | B6: =COUNTIF(data_entry[الشهر],B4) -> 0 | C6: =COUNTIF(data_entry[الشهر],C4) -> 0 | D6: =COUNTIF(data_entry[الشهر],D4) -> 0 | E6: =COUNTIF(data_entry[الشهر],E4) -> 0 | F6: =COUNTIF(data_entry[الشهر],F4) -> 0 | G6: =COUNTIF(data_entry[الشهر],G4) -> 2 | H6: =COUNTIF(data_entry[الشهر],H4) -> 1 | I6: =COUNTIF(data_entry[الشهر],I4) -> 0 | ... M6: =COUNTIF(data_entry[الشهر],M4) -> 0
A7: إجمالي عدد الشكاوى التي تم حلها | B7: =COUNTIFS(data_entry[الشهر],B$4,data_entry[شهر الحل],B$4,data_entry[الحل],"تم الحل") -> 0 | C7: =COUNTIFS(data_entry[الشهر],C$4,data_entry[شهر الحل],C$4,data_entry[الحل],"تم الحل") -> 0 | D7: =COUNTIFS(data_entry[الشهر],D$4,data_entry[شهر الحل],D$4,data_entry[الحل],"تم الحل") -> 0 | E7: =COUNTIFS(data_entry[الشهر],E$4,data_entry[شهر الحل],E$4,data_entry[الحل],"تم الحل") -> 0 | F7: =COUNTIFS(data_entry[الشهر],F$4,data_entry[شهر الحل],F$4,data_entry[الحل],"تم الحل") -> 0 | G7: =COUNTIFS(data_entry[الشهر],G$4,data_entry[شهر الحل],G$4,data_entry[الحل],"تم الحل") -> 2 | H7: =COUNTIFS(data_entry[الشهر],H$4,data_entry[شهر الحل],H$4,data_entry[الحل],"تم الحل") -> 0 | I7: =COUNTIFS(data_entry[الشهر],I$4,data_entry[شهر الحل],I$4,data_entry[الحل],"تم الحل") -> 0 | ... M7: =COUNTIFS(data_entry[الشهر],M$4,data_entry[شهر الحل],M$4,data_entry[الحل],"تم الحل") -> 0
A8: إجمالي عدد الشكاوى التي تم حلها فوريا | B8: =COUNTIFS(data_entry[الشهر],B$4,data_entry[حل فوري],"نعم") -> 0 | C8: =COUNTIFS(data_entry[الشهر],C$4,data_entry[حل فوري],"نعم") -> 0 | D8: =COUNTIFS(data_entry[الشهر],D$4,data_entry[حل فوري],"نعم") -> 0 | E8: =COUNTIFS(data_entry[الشهر],E$4,data_entry[حل فوري],"نعم") -> 0 | F8: =COUNTIFS(data_entry[الشهر],F$4,data_entry[حل فوري],"نعم") -> 0 | G8: =COUNTIFS(data_entry[الشهر],G$4,data_entry[حل فوري],"نعم") -> 0 | H8: =COUNTIFS(data_entry[الشهر],H$4,data_entry[حل فوري],"نعم") -> 0 | I8: =COUNTIFS(data_entry[الشهر],I$4,data_entry[حل فوري],"نعم") -> 0 | ... M8: =COUNTIFS(data_entry[الشهر],M$4,data_entry[حل فوري],"نعم") -> 0
A9: إجمالي عدد الشكاوى التي تم حلها خلال 72 ساعة | B9: =COUNTIFS(data_entry[الشهر],B$4,data_entry[شهر الحل],B$4,data_entry[حل خلال 72 ساعة],"نعم") -> 0 | C9: =COUNTIFS(data_entry[الشهر],C$4,data_entry[شهر الحل],C$4,data_entry[حل خلال 72 ساعة],"نعم") -> 0 | D9: =COUNTIFS(data_entry[الشهر],D$4,data_entry[شهر الحل],D$4,data_entry[حل خلال 72 ساعة],"نعم") -> 0 | E9: =COUNTIFS(data_entry[الشهر],E$4,data_entry[شهر الحل],E$4,data_entry[حل خلال 72 ساعة],"نعم") -> 0 | F9: =COUNTIFS(data_entry[الشهر],F$4,data_entry[شهر الحل],F$4,data_entry[حل خلال 72 ساعة],"نعم") -> 0 | G9: =COUNTIFS(data_entry[الشهر],G$4,data_entry[شهر الحل],G$4,data_entry[حل خلال 72 ساعة],"نعم") -> 1 | H9: =COUNTIFS(data_entry[الشهر],H$4,data_entry[شهر الحل],H$4,data_entry[حل خلال 72 ساعة],"نعم") -> 0 | I9: =COUNTIFS(data_entry[الشهر],I$4,data_entry[شهر الحل],I$4,data_entry[حل خلال 72 ساعة],"نعم") -> 0 | ... M9: =COUNTIFS(data_entry[الشهر],M$4,data_entry[شهر الحل],M$4,data_entry[حل خلال 72 ساعة],"نعم") -> 0
A10: عدد الشكاوى التي تم عمل تغذية راجعة لمقدم الشكوى | B10: =COUNTIFS(data_entry[الشهر],B4,data_entry[التغذية الراجعة],"تم التغذية الراجعة") -> 0 | C10: =COUNTIFS(data_entry[الشهر],C4,data_entry[التغذية الراجعة],"تم التغذية الراجعة") -> 0 | D10: =COUNTIFS(data_entry[الشهر],D4,data_entry[التغذية الراجعة],"تم التغذية الراجعة") -> 0 | E10: =COUNTIFS(data_entry[الشهر],E4,data_entry[التغذية الراجعة],"تم التغذية الراجعة") -> 0 | F10: =COUNTIFS(data_entry[الشهر],F4,data_entry[التغذية الراجعة],"تم التغذية الراجعة") -> 0 | G10: =COUNTIFS(data_entry[الشهر],G4,data_entry[التغذية الراجعة],"تم التغذية الراجعة") -> 1 | H10: =COUNTIFS(data_entry[الشهر],H4,data_entry[التغذية الراجعة],"تم التغذية الراجعة") -> 1 | I10: =COUNTIFS(data_entry[الشهر],I4,data_entry[التغذية الراجعة],"تم التغذية الراجعة") -> 0 | ... M10: =COUNTIFS(data_entry[الشهر],M4,data_entry[التغذية الراجعة],"تم التغذية الراجعة") -> 0
A11: اجمالي الوقت المستغرق لحل الشكاوى | B11: =SUMIFS(data_entry[زمن الحل(يوم)],data_entry[الشهر],B4,data_entry[شهر الحل],B4) -> 0 | C11: =SUMIFS(data_entry[زمن الحل(يوم)],data_entry[الشهر],C4,data_entry[شهر الحل],C4) -> 0 | D11: =SUMIFS(data_entry[زمن الحل(يوم)],data_entry[الشهر],D4,data_entry[شهر الحل],D4) -> 0 | E11: =SUMIFS(data_entry[زمن الحل(يوم)],data_entry[الشهر],E4,data_entry[شهر الحل],E4) -> 0 | F11: =SUMIFS(data_entry[زمن الحل(يوم)],data_entry[الشهر],F4,data_entry[شهر الحل],F4) -> 0 | G11: =SUMIFS(data_entry[زمن الحل(يوم)],data_entry[الشهر],G4,data_entry[شهر الحل],G4) -> 5 | H11: =SUMIFS(data_entry[زمن الحل(يوم)],data_entry[الشهر],H4,data_entry[شهر الحل],H4) -> 0 | I11: =SUMIFS(data_entry[زمن الحل(يوم)],data_entry[الشهر],I4,data_entry[شهر الحل],I4) -> 0 | ... M11: =SUMIFS(data_entry[زمن الحل(يوم)],data_entry[الشهر],M4,data_entry[شهر الحل],M4) -> 0
A12: 📋 تصنيف الشكاوى
A13: الاغذية والمطبخ | B13: =COUNTIFS(data_entry[الشهر],B4,data_entry[نوع الشكوي],$A13) -> 0 | C13: =COUNTIFS(data_entry[الشهر],C4,data_entry[نوع الشكوي],$A13) -> 0 | D13: =COUNTIFS(data_entry[الشهر],D4,data_entry[نوع الشكوي],$A13) -> 0 | E13: =COUNTIFS(data_entry[الشهر],E4,data_entry[نوع الشكوي],$A13) -> 0 | F13: =COUNTIFS(data_entry[الشهر],F4,data_entry[نوع الشكوي],$A13) -> 0 | G13: =COUNTIFS(data_entry[الشهر],G4,data_entry[نوع الشكوي],$A13) -> 0 | H13: =COUNTIFS(data_entry[الشهر],H4,data_entry[نوع الشكوي],$A13) -> 0 | I13: =COUNTIFS(data_entry[الشهر],I4,data_entry[نوع الشكوي],$A13) -> 0 | ... M13: =COUNTIFS(data_entry[الشهر],M4,data_entry[نوع الشكوي],$A13) -> 0
A14: إدارية | B14: =COUNTIFS(data_entry[الشهر],B4,data_entry[نوع الشكوي],$A14) -> 0 | C14: =COUNTIFS(data_entry[الشهر],C4,data_entry[نوع الشكوي],$A14) -> 0 | D14: =COUNTIFS(data_entry[الشهر],D4,data_entry[نوع الشكوي],$A14) -> 0 | E14: =COUNTIFS(data_entry[الشهر],E4,data_entry[نوع الشكوي],$A14) -> 0 | F14: =COUNTIFS(data_entry[الشهر],F4,data_entry[نوع الشكوي],$A14) -> 0 | G14: =COUNTIFS(data_entry[الشهر],G4,data_entry[نوع الشكوي],$A14) -> 0 | H14: =COUNTIFS(data_entry[الشهر],H4,data_entry[نوع الشكوي],$A14) -> 0 | I14: =COUNTIFS(data_entry[الشهر],I4,data_entry[نوع الشكوي],$A14) -> 0 | ... M14: =COUNTIFS(data_entry[الشهر],M4,data_entry[نوع الشكوي],$A14) -> 0
A15: إجراءات الدخول | B15: =COUNTIFS(data_entry[الشهر],B4,data_entry[نوع الشكوي],$A15) -> 0 | C15: =COUNTIFS(data_entry[الشهر],C4,data_entry[نوع الشكوي],$A15) -> 0 | D15: =COUNTIFS(data_entry[الشهر],D4,data_entry[نوع الشكوي],$A15) -> 0 | E15: =COUNTIFS(data_entry[الشهر],E4,data_entry[نوع الشكوي],$A15) -> 0 | F15: =COUNTIFS(data_entry[الشهر],F4,data_entry[نوع الشكوي],$A15) -> 0 | G15: =COUNTIFS(data_entry[الشهر],G4,data_entry[نوع الشكوي],$A15) -> 0 | H15: =COUNTIFS(data_entry[الشهر],H4,data_entry[نوع الشكوي],$A15) -> 0 | I15: =COUNTIFS(data_entry[الشهر],I4,data_entry[نوع الشكوي],$A15) -> 0 | ... M15: =COUNTIFS(data_entry[الشهر],M4,data_entry[نوع الشكوي],$A15) -> 0
A16: توافر الأدوية | B16: =COUNTIFS(data_entry[الشهر],B4,data_entry[نوع الشكوي],$A16) -> 0 | C16: =COUNTIFS(data_entry[الشهر],C4,data_entry[نوع الشكوي],$A16) -> 0 | D16: =COUNTIFS(data_entry[الشهر],D4,data_entry[نوع الشكوي],$A16) -> 0 | E16: =COUNTIFS(data_entry[الشهر],E4,data_entry[نوع الشكوي],$A16) -> 0 | F16: =COUNTIFS(data_entry[الشهر],F4,data_entry[نوع الشكوي],$A16) -> 0 | G16: =COUNTIFS(data_entry[الشهر],G4,data_entry[نوع الشكوي],$A16) -> 1 | H16: =COUNTIFS(data_entry[الشهر],H4,data_entry[نوع الشكوي],$A16) -> 0 | I16: =COUNTIFS(data_entry[الشهر],I4,data_entry[نوع الشكوي],$A16) -> 0 | ... M16: =COUNTIFS(data_entry[الشهر],M4,data_entry[نوع الشكوي],$A16) -> 0
A17: معاملة الفريق الطبي | B17: =COUNTIFS(data_entry[الشهر],B4,data_entry[نوع الشكوي],$A17) -> 0 | C17: =COUNTIFS(data_entry[الشهر],C4,data_entry[نوع الشكوي],$A17) -> 0 | D17: =COUNTIFS(data_entry[الشهر],D4,data_entry[نوع الشكوي],$A17) -> 0 | E17: =COUNTIFS(data_entry[الشهر],E4,data_entry[نوع الشكوي],$A17) -> 0 | F17: =COUNTIFS(data_entry[الشهر],F4,data_entry[نوع الشكوي],$A17) -> 0 | G17: =COUNTIFS(data_entry[الشهر],G4,data_entry[نوع الشكوي],$A17) -> 0 | H17: =COUNTIFS(data_entry[الشهر],H4,data_entry[نوع الشكوي],$A17) -> 1 | I17: =COUNTIFS(data_entry[الشهر],I4,data_entry[نوع الشكوي],$A17) -> 0 | ... M17: =COUNTIFS(data_entry[الشهر],M4,data_entry[نوع الشكوي],$A17) -> 0
A18: وقت الانتظار | B18: =COUNTIFS(data_entry[الشهر],B4,data_entry[نوع الشكوي],$A18) -> 0 | C18: =COUNTIFS(data_entry[الشهر],C4,data_entry[نوع الشكوي],$A18) -> 0 | D18: =COUNTIFS(data_entry[الشهر],D4,data_entry[نوع الشكوي],$A18) -> 0 | E18: =COUNTIFS(data_entry[الشهر],E4,data_entry[نوع الشكوي],$A18) -> 0 | F18: =COUNTIFS(data_entry[الشهر],F4,data_entry[نوع الشكوي],$A18) -> 0 | G18: =COUNTIFS(data_entry[الشهر],G4,data_entry[نوع الشكوي],$A18) -> 1 | H18: =COUNTIFS(data_entry[الشهر],H4,data_entry[نوع الشكوي],$A18) -> 0 | I18: =COUNTIFS(data_entry[الشهر],I4,data_entry[نوع الشكوي],$A18) -> 0 | ... M18: =COUNTIFS(data_entry[الشهر],M4,data_entry[نوع الشكوي],$A18) -> 0
A19: اسعار الخدمات | B19: =COUNTIFS(data_entry[الشهر],B4,data_entry[نوع الشكوي],$A19) -> 0 | C19: =COUNTIFS(data_entry[الشهر],C4,data_entry[نوع الشكوي],$A19) -> 0 | D19: =COUNTIFS(data_entry[الشهر],D4,data_entry[نوع الشكوي],$A19) -> 0 | E19: =COUNTIFS(data_entry[الشهر],E4,data_entry[نوع الشكوي],$A19) -> 0 | F19: =COUNTIFS(data_entry[الشهر],F4,data_entry[نوع الشكوي],$A19) -> 0 | G19: =COUNTIFS(data_entry[الشهر],G4,data_entry[نوع الشكوي],$A19) -> 0 | H19: =COUNTIFS(data_entry[الشهر],H4,data_entry[نوع الشكوي],$A19) -> 0 | I19: =COUNTIFS(data_entry[الشهر],I4,data_entry[نوع الشكوي],$A19) -> 0 | ... M19: =COUNTIFS(data_entry[الشهر],M4,data_entry[نوع الشكوي],$A19) -> 0
A20: حقوق المرضى | B20: =COUNTIFS(data_entry[الشهر],B4,data_entry[نوع الشكوي],$A20) -> 0 | C20: =COUNTIFS(data_entry[الشهر],C4,data_entry[نوع الشكوي],$A20) -> 0 | D20: =COUNTIFS(data_entry[الشهر],D4,data_entry[نوع الشكوي],$A20) -> 0 | E20: =COUNTIFS(data_entry[الشهر],E4,data_entry[نوع الشكوي],$A20) -> 0 | F20: =COUNTIFS(data_entry[الشهر],F4,data_entry[نوع الشكوي],$A20) -> 0 | G20: =COUNTIFS(data_entry[الشهر],G4,data_entry[نوع الشكوي],$A20) -> 0 | H20: =COUNTIFS(data_entry[الشهر],H4,data_entry[نوع الشكوي],$A20) -> 0 | I20: =COUNTIFS(data_entry[الشهر],I4,data_entry[نوع الشكوي],$A20) -> 0 | ... M20: =COUNTIFS(data_entry[الشهر],M4,data_entry[نوع الشكوي],$A20) -> 0
A21: الأمن والنظافة | B21: =COUNTIFS(data_entry[الشهر],B4,data_entry[نوع الشكوي],$A21) -> 0 | C21: =COUNTIFS(data_entry[الشهر],C4,data_entry[نوع الشكوي],$A21) -> 0 | D21: =COUNTIFS(data_entry[الشهر],D4,data_entry[نوع الشكوي],$A21) -> 0 | E21: =COUNTIFS(data_entry[الشهر],E4,data_entry[نوع الشكوي],$A21) -> 0 | F21: =COUNTIFS(data_entry[الشهر],F4,data_entry[نوع الشكوي],$A21) -> 0 | G21: =COUNTIFS(data_entry[الشهر],G4,data_entry[نوع الشكوي],$A21) -> 0 | H21: =COUNTIFS(data_entry[الشهر],H4,data_entry[نوع الشكوي],$A21) -> 0 | I21: =COUNTIFS(data_entry[الشهر],I4,data_entry[نوع الشكوي],$A21) -> 0 | ... M21: =COUNTIFS(data_entry[الشهر],M4,data_entry[نوع الشكوي],$A21) -> 0
A22: التحويل والاحالة | B22: =COUNTIFS(data_entry[الشهر],B4,data_entry[نوع الشكوي],$A22) -> 0 | C22: =COUNTIFS(data_entry[الشهر],C4,data_entry[نوع الشكوي],$A22) -> 0 | D22: =COUNTIFS(data_entry[الشهر],D4,data_entry[نوع الشكوي],$A22) -> 0 | E22: =COUNTIFS(data_entry[الشهر],E4,data_entry[نوع الشكوي],$A22) -> 0 | F22: =COUNTIFS(data_entry[الشهر],F4,data_entry[نوع الشكوي],$A22) -> 0 | G22: =COUNTIFS(data_entry[الشهر],G4,data_entry[نوع الشكوي],$A22) -> 0 | H22: =COUNTIFS(data_entry[الشهر],H4,data_entry[نوع الشكوي],$A22) -> 0 | I22: =COUNTIFS(data_entry[الشهر],I4,data_entry[نوع الشكوي],$A22) -> 0 | ... M22: =COUNTIFS(data_entry[الشهر],M4,data_entry[نوع الشكوي],$A22) -> 0
A23: الفحوصات الطبية(اشعة/ معمل) | B23: =COUNTIFS(data_entry[الشهر],B4,data_entry[نوع الشكوي],$A23) -> 0 | C23: =COUNTIFS(data_entry[الشهر],C4,data_entry[نوع الشكوي],$A23) -> 0 | D23: =COUNTIFS(data_entry[الشهر],D4,data_entry[نوع الشكوي],$A23) -> 0 | E23: =COUNTIFS(data_entry[الشهر],E4,data_entry[نوع الشكوي],$A23) -> 0 | F23: =COUNTIFS(data_entry[الشهر],F4,data_entry[نوع الشكوي],$A23) -> 0 | G23: =COUNTIFS(data_entry[الشهر],G4,data_entry[نوع الشكوي],$A23) -> 0 | H23: =COUNTIFS(data_entry[الشهر],H4,data_entry[نوع الشكوي],$A23) -> 0 | I23: =COUNTIFS(data_entry[الشهر],I4,data_entry[نوع الشكوي],$A23) -> 0 | ... M23: =COUNTIFS(data_entry[الشهر],M4,data_entry[نوع الشكوي],$A23) -> 0
A24: عدم توافر الخدمة | B24: =COUNTIFS(data_entry[الشهر],B4,data_entry[نوع الشكوي],$A24) -> 0 | C24: =COUNTIFS(data_entry[الشهر],C4,data_entry[نوع الشكوي],$A24) -> 0 | D24: =COUNTIFS(data_entry[الشهر],D4,data_entry[نوع الشكوي],$A24) -> 0 | E24: =COUNTIFS(data_entry[الشهر],E4,data_entry[نوع الشكوي],$A24) -> 0 | F24: =COUNTIFS(data_entry[الشهر],F4,data_entry[نوع الشكوي],$A24) -> 0 | G24: =COUNTIFS(data_entry[الشهر],G4,data_entry[نوع الشكوي],$A24) -> 0 | H24: =COUNTIFS(data_entry[الشهر],H4,data_entry[نوع الشكوي],$A24) -> 0 | I24: =COUNTIFS(data_entry[الشهر],I4,data_entry[نوع الشكوي],$A24) -> 0 | ... M24: =COUNTIFS(data_entry[الشهر],M4,data_entry[نوع الشكوي],$A24) -> 0
A25: الاعطال و الصيانة | B25: =COUNTIFS(data_entry[الشهر],B4,data_entry[نوع الشكوي],$A25) -> 0 | C25: =COUNTIFS(data_entry[الشهر],C4,data_entry[نوع الشكوي],$A25) -> 0 | D25: =COUNTIFS(data_entry[الشهر],D4,data_entry[نوع الشكوي],$A25) -> 0 | E25: =COUNTIFS(data_entry[الشهر],E4,data_entry[نوع الشكوي],$A25) -> 0 | F25: =COUNTIFS(data_entry[الشهر],F4,data_entry[نوع الشكوي],$A25) -> 0 | G25: =COUNTIFS(data_entry[الشهر],G4,data_entry[نوع الشكوي],$A25) -> 0 | H25: =COUNTIFS(data_entry[الشهر],H4,data_entry[نوع الشكوي],$A25) -> 0 | I25: =COUNTIFS(data_entry[الشهر],I4,data_entry[نوع الشكوي],$A25) -> 0 | ... M25: =COUNTIFS(data_entry[الشهر],M4,data_entry[نوع الشكوي],$A25) -> 0
A26: أخرى | B26: =COUNTIFS(data_entry[الشهر],B4,data_entry[نوع الشكوي],$A26) -> 0 | C26: =COUNTIFS(data_entry[الشهر],C4,data_entry[نوع الشكوي],$A26) -> 0 | D26: =COUNTIFS(data_entry[الشهر],D4,data_entry[نوع الشكوي],$A26) -> 0 | E26: =COUNTIFS(data_entry[الشهر],E4,data_entry[نوع الشكوي],$A26) -> 0 | F26: =COUNTIFS(data_entry[الشهر],F4,data_entry[نوع الشكوي],$A26) -> 0 | G26: =COUNTIFS(data_entry[الشهر],G4,data_entry[نوع الشكوي],$A26) -> 0 | H26: =COUNTIFS(data_entry[الشهر],H4,data_entry[نوع الشكوي],$A26) -> 0 | I26: =COUNTIFS(data_entry[الشهر],I4,data_entry[نوع الشكوي],$A26) -> 0 | ... M26: =COUNTIFS(data_entry[الشهر],M4,data_entry[نوع الشكوي],$A26) -> 0
A28: 🎓 التدريب
A29: اجمالي عدد الاطباء بالوحدة | B29: =تدريب!C4 -> 12 | E29: =تدريب!F4 -> 12 | H29: =تدريب!I4 -> 0 | K29: =تدريب!L4 -> 0
A30: اجمالي عدد التمريض بالوحدة | B30: =تدريب!C5 -> 20 | E30: =تدريب!F5 -> 25 | H30: =تدريب!I5 -> 0 | K30: =تدريب!L5 -> 0
A31: اجمالي عدد العاملين الصحيين | B31: =B29+B30 -> 32 | E31: =E29+E30 -> 37 | H31: =H29+H30 -> 0 | K31: =K29+K30 -> 0
A32: اجمالي عدد العاملين | B32: =تدريب!C6 -> 60 | E32: =تدريب!F6 -> 65 | H32: =تدريب!I6 -> 0 | K32: =تدريب!L6 -> 0
A33: عدد الاطباء المدربين على BLS | B33: =تدريب!C7 -> 6 | E33: =تدريب!F7 -> 6 | H33: =تدريب!I7 -> 0 | K33: =تدريب!L7 -> 0
A34: عدد اعضاء هيئة التمريض المدربين على BLS | B34: =تدريب!C8 -> 15 | E34: =تدريب!F8 -> 15 | H34: =تدريب!I8 -> 0 | K34: =تدريب!L8 -> 0
A35: عدد العاملين المدربين على الدفاع المدني (شهادات معتمدة) | B35: =تدريب!C9 -> 12 | E35: =تدريب!F9 -> 12 | H35: =تدريب!I9 -> 0 | K35: =تدريب!L9 -> 0
A37: ❤️ الإفاقة القلبية التنفسية
A38: إجمالي عدد مرات الإفاقة القلبية التنفسية | B38: =COUNTIFS('الإفاقة القلبية'!$O:$O, TEXT(B4,"mmm-yyyy")) -> 0 | C38: =COUNTIFS('الإفاقة القلبية'!$O:$O, TEXT(C4,"mmm-yyyy")) -> 0 | D38: =COUNTIFS('الإفاقة القلبية'!$O:$O, TEXT(D4,"mmm-yyyy")) -> 0 | E38: =COUNTIFS('الإفاقة القلبية'!$O:$O, TEXT(E4,"mmm-yyyy")) -> 0 | F38: =COUNTIFS('الإفاقة القلبية'!$O:$O, TEXT(F4,"mmm-yyyy")) -> 0 | G38: =COUNTIFS('الإفاقة القلبية'!$O:$O, TEXT(G4,"mmm-yyyy")) -> 2 | H38: =COUNTIFS('الإفاقة القلبية'!$O:$O, TEXT(H4,"mmm-yyyy")) -> 0 | I38: =COUNTIFS('الإفاقة القلبية'!$O:$O, TEXT(I4,"mmm-yyyy")) -> 0 | ... M38: =COUNTIFS('الإفاقة القلبية'!$O:$O, TEXT(M4,"mmm-yyyy")) -> 0
A39: إجمالي عدد حالات النجاة بعد الإفاقة القلبية التنفسية | B39: =COUNTIFS('الإفاقة القلبية'!$O:$O, TEXT(B4,"mmm-yyyy"), 'الإفاقة القلبية'!$M:$M, "نجاة") -> 0 | C39: =COUNTIFS('الإفاقة القلبية'!$O:$O, TEXT(C4,"mmm-yyyy"), 'الإفاقة القلبية'!$M:$M, "نجاة") -> 0 | D39: =COUNTIFS('الإفاقة القلبية'!$O:$O, TEXT(D4,"mmm-yyyy"), 'الإفاقة القلبية'!$M:$M, "نجاة") -> 0 | E39: =COUNTIFS('الإفاقة القلبية'!$O:$O, TEXT(E4,"mmm-yyyy"), 'الإفاقة القلبية'!$M:$M, "نجاة") -> 0 | F39: =COUNTIFS('الإفاقة القلبية'!$O:$O, TEXT(F4,"mmm-yyyy"), 'الإفاقة القلبية'!$M:$M, "نجاة") -> 0 | G39: =COUNTIFS('الإفاقة القلبية'!$O:$O, TEXT(G4,"mmm-yyyy"), 'الإفاقة القلبية'!$M:$M, "نجاة") -> 0 | H39: =COUNTIFS('الإفاقة القلبية'!$O:$O, TEXT(H4,"mmm-yyyy"), 'الإفاقة القلبية'!$M:$M, "نجاة") -> 0 | I39: =COUNTIFS('الإفاقة القلبية'!$O:$O, TEXT(I4,"mmm-yyyy"), 'الإفاقة القلبية'!$M:$M, "نجاة") -> 0 | ... M39: =COUNTIFS('الإفاقة القلبية'!$O:$O, TEXT(M4,"mmm-yyyy"), 'الإفاقة القلبية'!$M:$M, "نجاة") -> 0
A40: إجمالي عدد حالات الوفاة بعد الإفاقة القلبية التنفسية | B40: =COUNTIFS('الإفاقة القلبية'!$O:$O, TEXT(B4,"mmm-yyyy"), 'الإفاقة القلبية'!$M:$M, "وفاة") -> 0 | C40: =COUNTIFS('الإفاقة القلبية'!$O:$O, TEXT(C4,"mmm-yyyy"), 'الإفاقة القلبية'!$M:$M, "وفاة") -> 0 | D40: =COUNTIFS('الإفاقة القلبية'!$O:$O, TEXT(D4,"mmm-yyyy"), 'الإفاقة القلبية'!$M:$M, "وفاة") -> 0 | E40: =COUNTIFS('الإفاقة القلبية'!$O:$O, TEXT(E4,"mmm-yyyy"), 'الإفاقة القلبية'!$M:$M, "وفاة") -> 0 | F40: =COUNTIFS('الإفاقة القلبية'!$O:$O, TEXT(F4,"mmm-yyyy"), 'الإفاقة القلبية'!$M:$M, "وفاة") -> 0 | G40: =COUNTIFS('الإفاقة القلبية'!$O:$O, TEXT(G4,"mmm-yyyy"), 'الإفاقة القلبية'!$M:$M, "وفاة") -> 1 | H40: =COUNTIFS('الإفاقة القلبية'!$O:$O, TEXT(H4,"mmm-yyyy"), 'الإفاقة القلبية'!$M:$M, "وفاة") -> 0 | I40: =COUNTIFS('الإفاقة القلبية'!$O:$O, TEXT(I4,"mmm-yyyy"), 'الإفاقة القلبية'!$M:$M, "وفاة") -> 0 | ... M40: =COUNTIFS('الإفاقة القلبية'!$O:$O, TEXT(M4,"mmm-yyyy"), 'الإفاقة القلبية'!$M:$M, "وفاة") -> 0
A41: إجمالي عدد حالات الوفاة خلال 24 ساعة من الإفاقة القلبية التنفسية | B41: NA | C41: NA | D41: NA | E41: NA | F41: NA | G41: NA | H41: NA | I41: NA | J41: NA | K41: NA | L41: NA | M41: NA
A42: إجمالي عدد حالات الوفاة بعد 24 ساعة من الإفاقة القلبية التنفسية | B42: NA | C42: NA | D42: NA | E42: NA | F42: NA | G42: NA | H42: NA | I42: NA | J42: NA | K42: NA | L42: NA | M42: NA
A43: عدد مرات تفعيل الكود بلو | B43: =COUNTIFS('الإفاقة القلبية'!$O:$O, TEXT(B$4,"mmm-yyyy"), 'الإفاقة القلبية'!$I:$I, ">0") -> 0 | C43: =COUNTIFS('الإفاقة القلبية'!$O:$O, TEXT(C$4,"mmm-yyyy"), 'الإفاقة القلبية'!$I:$I, ">0") -> 0 | D43: =COUNTIFS('الإفاقة القلبية'!$O:$O, TEXT(D$4,"mmm-yyyy"), 'الإفاقة القلبية'!$I:$I, ">0") -> 0 | E43: =COUNTIFS('الإفاقة القلبية'!$O:$O, TEXT(E$4,"mmm-yyyy"), 'الإفاقة القلبية'!$I:$I, ">0") -> 0 | F43: =COUNTIFS('الإفاقة القلبية'!$O:$O, TEXT(F$4,"mmm-yyyy"), 'الإفاقة القلبية'!$I:$I, ">0") -> 0 | G43: =COUNTIFS('الإفاقة القلبية'!$O:$O, TEXT(G$4,"mmm-yyyy"), 'الإفاقة القلبية'!$I:$I, ">0") -> 2 | H43: =COUNTIFS('الإفاقة القلبية'!$O:$O, TEXT(H$4,"mmm-yyyy"), 'الإفاقة القلبية'!$I:$I, ">0") -> 0 | I43: =COUNTIFS('الإفاقة القلبية'!$O:$O, TEXT(I$4,"mmm-yyyy"), 'الإفاقة القلبية'!$I:$I, ">0") -> 0 | ... M43: =COUNTIFS('الإفاقة القلبية'!$O:$O, TEXT(M$4,"mmm-yyyy"), 'الإفاقة القلبية'!$I:$I, ">0") -> 0
A44: اجمالي الوقت المستغرق للاستجابة للكود الازرق (دقائق) | B44: =SUMIFS('الإفاقة القلبية'!$I:$I, 'الإفاقة القلبية'!$O:$O, TEXT(B$4,"mmm-yyyy")) -> 0 | C44: =SUMIFS('الإفاقة القلبية'!$I:$I, 'الإفاقة القلبية'!$O:$O, TEXT(C$4,"mmm-yyyy")) -> 0 | D44: =SUMIFS('الإفاقة القلبية'!$I:$I, 'الإفاقة القلبية'!$O:$O, TEXT(D$4,"mmm-yyyy")) -> 0 | E44: =SUMIFS('الإفاقة القلبية'!$I:$I, 'الإفاقة القلبية'!$O:$O, TEXT(E$4,"mmm-yyyy")) -> 0 | F44: =SUMIFS('الإفاقة القلبية'!$I:$I, 'الإفاقة القلبية'!$O:$O, TEXT(F$4,"mmm-yyyy")) -> 0 | G44: =SUMIFS('الإفاقة القلبية'!$I:$I, 'الإفاقة القلبية'!$O:$O, TEXT(G$4,"mmm-yyyy")) -> 0.015277778 | H44: =SUMIFS('الإفاقة القلبية'!$I:$I, 'الإفاقة القلبية'!$O:$O, TEXT(H$4,"mmm-yyyy")) -> 0 | I44: =SUMIFS('الإفاقة القلبية'!$I:$I, 'الإفاقة القلبية'!$O:$O, TEXT(I$4,"mmm-yyyy")) -> 0 | ... M44: =SUMIFS('الإفاقة القلبية'!$I:$I, 'الإفاقة القلبية'!$O:$O, TEXT(M$4,"mmm-yyyy")) -> 0
A45: اجمالي الوقت المستغرق في اجراء الإفاقة القلبية التنفسية | B45: =SUMIFS('الإفاقة القلبية'!$L:$L, 'الإفاقة القلبية'!$O:$O, TEXT(B$4,"mmm-yyyy")) -> 0 | C45: =SUMIFS('الإفاقة القلبية'!$L:$L, 'الإفاقة القلبية'!$O:$O, TEXT(C$4,"mmm-yyyy")) -> 0 | D45: =SUMIFS('الإفاقة القلبية'!$L:$L, 'الإفاقة القلبية'!$O:$O, TEXT(D$4,"mmm-yyyy")) -> 0 | E45: =SUMIFS('الإفاقة القلبية'!$L:$L, 'الإفاقة القلبية'!$O:$O, TEXT(E$4,"mmm-yyyy")) -> 0 | F45: =SUMIFS('الإفاقة القلبية'!$L:$L, 'الإفاقة القلبية'!$O:$O, TEXT(F$4,"mmm-yyyy")) -> 0 | G45: =SUMIFS('الإفاقة القلبية'!$L:$L, 'الإفاقة القلبية'!$O:$O, TEXT(G$4,"mmm-yyyy")) -> -0.40694444 | H45: =SUMIFS('الإفاقة القلبية'!$L:$L, 'الإفاقة القلبية'!$O:$O, TEXT(H$4,"mmm-yyyy")) -> 0 | I45: =SUMIFS('الإفاقة القلبية'!$L:$L, 'الإفاقة القلبية'!$O:$O, TEXT(I$4,"mmm-yyyy")) -> 0 | ... M45: =SUMIFS('الإفاقة القلبية'!$L:$L, 'الإفاقة القلبية'!$O:$O, TEXT(M$4,"mmm-yyyy")) -> 0
A46: عدد حالات التوثيق الكامل لاجراءات الإفاقة القلبية التنفسية | B46: =COUNTIFS('الإفاقة القلبية'!$O:$O, TEXT(B$4,"mmm-yyyy"), 'الإفاقة القلبية'!$N:$N, "نعم") -> 0 | C46: =COUNTIFS('الإفاقة القلبية'!$O:$O, TEXT(C$4,"mmm-yyyy"), 'الإفاقة القلبية'!$N:$N, "نعم") -> 0 | D46: =COUNTIFS('الإفاقة القلبية'!$O:$O, TEXT(D$4,"mmm-yyyy"), 'الإفاقة القلبية'!$N:$N, "نعم") -> 0 | E46: =COUNTIFS('الإفاقة القلبية'!$O:$O, TEXT(E$4,"mmm-yyyy"), 'الإفاقة القلبية'!$N:$N, "نعم") -> 0 | F46: =COUNTIFS('الإفاقة القلبية'!$O:$O, TEXT(F$4,"mmm-yyyy"), 'الإفاقة القلبية'!$N:$N, "نعم") -> 0 | G46: =COUNTIFS('الإفاقة القلبية'!$O:$O, TEXT(G$4,"mmm-yyyy"), 'الإفاقة القلبية'!$N:$N, "نعم") -> 1 | H46: =COUNTIFS('الإفاقة القلبية'!$O:$O, TEXT(H$4,"mmm-yyyy"), 'الإفاقة القلبية'!$N:$N, "نعم") -> 0 | I46: =COUNTIFS('الإفاقة القلبية'!$O:$O, TEXT(I$4,"mmm-yyyy"), 'الإفاقة القلبية'!$N:$N, "نعم") -> 0 | ... M46: =COUNTIFS('الإفاقة القلبية'!$O:$O, TEXT(M$4,"mmm-yyyy"), 'الإفاقة القلبية'!$N:$N, "نعم") -> 0
A47: إجمالي عدد دورات الافاقة القلبية التنفسية لجميع الحالات | B47: =SUMIFS('الإفاقة القلبية'!$J:$J, 'الإفاقة القلبية'!$O:$O, TEXT(B$4,"mmm-yyyy")) -> 0 | C47: =SUMIFS('الإفاقة القلبية'!$J:$J, 'الإفاقة القلبية'!$O:$O, TEXT(C$4,"mmm-yyyy")) -> 0 | D47: =SUMIFS('الإفاقة القلبية'!$J:$J, 'الإفاقة القلبية'!$O:$O, TEXT(D$4,"mmm-yyyy")) -> 0 | E47: =SUMIFS('الإفاقة القلبية'!$J:$J, 'الإفاقة القلبية'!$O:$O, TEXT(E$4,"mmm-yyyy")) -> 0 | F47: =SUMIFS('الإفاقة القلبية'!$J:$J, 'الإفاقة القلبية'!$O:$O, TEXT(F$4,"mmm-yyyy")) -> 0 | G47: =SUMIFS('الإفاقة القلبية'!$J:$J, 'الإفاقة القلبية'!$O:$O, TEXT(G$4,"mmm-yyyy")) -> 35 | H47: =SUMIFS('الإفاقة القلبية'!$J:$J, 'الإفاقة القلبية'!$O:$O, TEXT(H$4,"mmm-yyyy")) -> 0 | I47: =SUMIFS('الإفاقة القلبية'!$J:$J, 'الإفاقة القلبية'!$O:$O, TEXT(I$4,"mmm-yyyy")) -> 0 | ... M47: =SUMIFS('الإفاقة القلبية'!$J:$J, 'الإفاقة القلبية'!$O:$O, TEXT(M$4,"mmm-yyyy")) -> 0
A49: 🚨 الطوارئ والاستقبال
A50: اجمالي الوقت المستغرق في الطوارئ من الدخول للخروج | B50: =SUMIFS('الطوارئ والاستقبال'!$H:$H, 'الطوارئ والاستقبال'!$N:$N, TEXT(B$4,"mmm-yyyy")) -> 0 | C50: =SUMIFS('الطوارئ والاستقبال'!$H:$H, 'الطوارئ والاستقبال'!$N:$N, TEXT(C$4,"mmm-yyyy")) -> 0 | D50: =SUMIFS('الطوارئ والاستقبال'!$H:$H, 'الطوارئ والاستقبال'!$N:$N, TEXT(D$4,"mmm-yyyy")) -> 0 | E50: =SUMIFS('الطوارئ والاستقبال'!$H:$H, 'الطوارئ والاستقبال'!$N:$N, TEXT(E$4,"mmm-yyyy")) -> 0 | F50: =SUMIFS('الطوارئ والاستقبال'!$H:$H, 'الطوارئ والاستقبال'!$N:$N, TEXT(F$4,"mmm-yyyy")) -> 0 | G50: =SUMIFS('الطوارئ والاستقبال'!$H:$H, 'الطوارئ والاستقبال'!$N:$N, TEXT(G$4,"mmm-yyyy")) -> 0.025 | H50: =SUMIFS('الطوارئ والاستقبال'!$H:$H, 'الطوارئ والاستقبال'!$N:$N, TEXT(H$4,"mmm-yyyy")) -> 0 | I50: =SUMIFS('الطوارئ والاستقبال'!$H:$H, 'الطوارئ والاستقبال'!$N:$N, TEXT(I$4,"mmm-yyyy")) -> 0 | ... M50: =SUMIFS('الطوارئ والاستقبال'!$H:$H, 'الطوارئ والاستقبال'!$N:$N, TEXT(M$4,"mmm-yyyy")) -> 0
A51: عدد المرضى في العينة | B51: =COUNTIFS('الطوارئ والاستقبال'!$N:$N, TEXT(B4,"mmm-yyyy")) -> 0 | C51: =COUNTIFS('الطوارئ والاستقبال'!$N:$N, TEXT(C4,"mmm-yyyy")) -> 0 | D51: =COUNTIFS('الطوارئ والاستقبال'!$N:$N, TEXT(D4,"mmm-yyyy")) -> 0 | E51: =COUNTIFS('الطوارئ والاستقبال'!$N:$N, TEXT(E4,"mmm-yyyy")) -> 0 | F51: =COUNTIFS('الطوارئ والاستقبال'!$N:$N, TEXT(F4,"mmm-yyyy")) -> 0 | G51: =COUNTIFS('الطوارئ والاستقبال'!$N:$N, TEXT(G4,"mmm-yyyy")) -> 3 | H51: =COUNTIFS('الطوارئ والاستقبال'!$N:$N, TEXT(H4,"mmm-yyyy")) -> 0 | I51: =COUNTIFS('الطوارئ والاستقبال'!$N:$N, TEXT(I4,"mmm-yyyy")) -> 0 | ... M51: =COUNTIFS('الطوارئ والاستقبال'!$N:$N, TEXT(M4,"mmm-yyyy")) -> 0
A52: عدد المرضى الذين عادو للطوارئ لنفس السبب خلال 72 ساعة | B52: =IF(OR(ISBLANK('الطوارئ والاستقبال'!K4), 'الطوارئ والاستقبال'!K4=""), "", 'الطوارئ والاستقبال'!K4) | C52: =IF(OR(ISBLANK('الطوارئ والاستقبال'!K5), 'الطوارئ والاستقبال'!K5=""), "", 'الطوارئ والاستقبال'!K5) | D52: =IF(OR(ISBLANK('الطوارئ والاستقبال'!K6), 'الطوارئ والاستقبال'!K6=""), "", 'الطوارئ والاستقبال'!K6) | E52: =IF(OR(ISBLANK('الطوارئ والاستقبال'!K7), 'الطوارئ والاستقبال'!K7=""), "", 'الطوارئ والاستقبال'!K7) | F52: =IF(OR(ISBLANK('الطوارئ والاستقبال'!K8), 'الطوارئ والاستقبال'!K8=""), "", 'الطوارئ والاستقبال'!K8) | G52: =IF(OR(ISBLANK('الطوارئ والاستقبال'!K9), 'الطوارئ والاستقبال'!K9=""), "", 'الطوارئ والاستقبال'!K9) -> 5 | H52: =IF(OR(ISBLANK('الطوارئ والاستقبال'!K10), 'الطوارئ والاستقبال'!K10=""), "", 'الطوارئ والاستقبال'!K10) | I52: =IF(OR(ISBLANK('الطوارئ والاستقبال'!K11), 'الطوارئ والاستقبال'!K11=""), "", 'الطوارئ والاستقبال'!K11) | J52: =IF(OR(ISBLANK('الطوارئ والاستقبال'!K12), 'الطوارئ والاستقبال'!K12=""), "", 'الطوارئ والاستقبال'!K12) | K52: =IF(OR(ISBLANK('الطوارئ والاستقبال'!K13), 'الطوارئ والاستقبال'!K13=""), "", 'الطوارئ والاستقبال'!K13) | L52: =IF(OR(ISBLANK('الطوارئ والاستقبال'!K14), 'الطوارئ والاستقبال'!K14=""), "", 'الطوارئ والاستقبال'!K14) | M52: =IF(OR(ISBLANK('الطوارئ والاستقبال'!K15), 'الطوارئ والاستقبال'!K15=""), "", 'الطوارئ والاستقبال'!K15)
A53: اجمالي عدد مرضى الطوارئ خلال الشهر | B53: =IF(OR(ISBLANK('الطوارئ والاستقبال'!L4), 'الطوارئ والاستقبال'!L4=""), "", 'الطوارئ والاستقبال'!L4) | C53: =IF(OR(ISBLANK('الطوارئ والاستقبال'!L5), 'الطوارئ والاستقبال'!L5=""), "", 'الطوارئ والاستقبال'!L5) | D53: =IF(OR(ISBLANK('الطوارئ والاستقبال'!L6), 'الطوارئ والاستقبال'!L6=""), "", 'الطوارئ والاستقبال'!L6) | E53: =IF(OR(ISBLANK('الطوارئ والاستقبال'!L7), 'الطوارئ والاستقبال'!L7=""), "", 'الطوارئ والاستقبال'!L7) | F53: =IF(OR(ISBLANK('الطوارئ والاستقبال'!L8), 'الطوارئ والاستقبال'!L8=""), "", 'الطوارئ والاستقبال'!L8) | G53: =IF(OR(ISBLANK('الطوارئ والاستقبال'!L9), 'الطوارئ والاستقبال'!L9=""), "", 'الطوارئ والاستقبال'!L9) -> 200 | H53: =IF(OR(ISBLANK('الطوارئ والاستقبال'!L10), 'الطوارئ والاستقبال'!L10=""), "", 'الطوارئ والاستقبال'!L10) | I53: =IF(OR(ISBLANK('الطوارئ والاستقبال'!L11), 'الطوارئ والاستقبال'!L11=""), "", 'الطوارئ والاستقبال'!L11) | J53: =IF(OR(ISBLANK('الطوارئ والاستقبال'!L12), 'الطوارئ والاستقبال'!L12=""), "", 'الطوارئ والاستقبال'!L12) | K53: =IF(OR(ISBLANK('الطوارئ والاستقبال'!L13), 'الطوارئ والاستقبال'!L13=""), "", 'الطوارئ والاستقبال'!L13) | L53: =IF(OR(ISBLANK('الطوارئ والاستقبال'!L14), 'الطوارئ والاستقبال'!L14=""), "", 'الطوارئ والاستقبال'!L14) | M53: =IF(OR(ISBLANK('الطوارئ والاستقبال'!L15), 'الطوارئ والاستقبال'!L15=""), "", 'الطوارئ والاستقبال'!L15)
A55: تردد العيادات
A56: اجمالي تردد العيادات الخارجية | B56: =SUM(B57:B63) -> 0 | C56: =SUM(C57:C63) -> 0 | D56: =SUM(D57:D63) -> 0 | E56: =SUM(E57:E63) -> 0 | F56: =SUM(F57:F63) -> 0 | G56: =SUM(G57:G63) -> 785 | H56: =SUM(H57:H63) -> 0 | I56: =SUM(I57:I63) -> 0 | ... M56: =SUM(M57:M63) -> 0
A57: تردد كل عيادة خارجية - طب الأسرة | B57: =IF('بيانات المنشأة و تردد العيادات'!C18="", "", 'بيانات المنشأة و تردد العيادات'!C18) | C57: =IF('بيانات المنشأة و تردد العيادات'!D18="", "", 'بيانات المنشأة و تردد العيادات'!D18) | D57: =IF('بيانات المنشأة و تردد العيادات'!E18="", "", 'بيانات المنشأة و تردد العيادات'!E18) | E57: =IF('بيانات المنشأة و تردد العيادات'!F18="", "", 'بيانات المنشأة و تردد العيادات'!F18) | F57: =IF('بيانات المنشأة و تردد العيادات'!G18="", "", 'بيانات المنشأة و تردد العيادات'!G18) | G57: =IF('بيانات المنشأة و تردد العيادات'!H18="", "", 'بيانات المنشأة و تردد العيادات'!H18) -> 230 | H57: =IF('بيانات المنشأة و تردد العيادات'!I18="", "", 'بيانات المنشأة و تردد العيادات'!I18) | I57: =IF('بيانات المنشأة و تردد العيادات'!J18="", "", 'بيانات المنشأة و تردد العيادات'!J18) | ... M57: =IF('بيانات المنشأة و تردد العيادات'!N18="", "", 'بيانات المنشأة و تردد العيادات'!N18)
A58: تردد كل عيادة خارجية -تنظيم الأسرة | B58: =IF('بيانات المنشأة و تردد العيادات'!C19="", "", 'بيانات المنشأة و تردد العيادات'!C19) | C58: =IF('بيانات المنشأة و تردد العيادات'!D19="", "", 'بيانات المنشأة و تردد العيادات'!D19) | D58: =IF('بيانات المنشأة و تردد العيادات'!E19="", "", 'بيانات المنشأة و تردد العيادات'!E19) | E58: =IF('بيانات المنشأة و تردد العيادات'!F19="", "", 'بيانات المنشأة و تردد العيادات'!F19) | F58: =IF('بيانات المنشأة و تردد العيادات'!G19="", "", 'بيانات المنشأة و تردد العيادات'!G19) | G58: =IF('بيانات المنشأة و تردد العيادات'!H19="", "", 'بيانات المنشأة و تردد العيادات'!H19) -> 100 | H58: =IF('بيانات المنشأة و تردد العيادات'!I19="", "", 'بيانات المنشأة و تردد العيادات'!I19) | I58: =IF('بيانات المنشأة و تردد العيادات'!J19="", "", 'بيانات المنشأة و تردد العيادات'!J19) | ... M58: =IF('بيانات المنشأة و تردد العيادات'!N19="", "", 'بيانات المنشأة و تردد العيادات'!N19)
A59: تردد كل عيادة خارجية - رعاية الامومة والطفولة | B59: =IF('بيانات المنشأة و تردد العيادات'!C20="", "", 'بيانات المنشأة و تردد العيادات'!C20) | C59: =IF('بيانات المنشأة و تردد العيادات'!D20="", "", 'بيانات المنشأة و تردد العيادات'!D20) | D59: =IF('بيانات المنشأة و تردد العيادات'!E20="", "", 'بيانات المنشأة و تردد العيادات'!E20) | E59: =IF('بيانات المنشأة و تردد العيادات'!F20="", "", 'بيانات المنشأة و تردد العيادات'!F20) | F59: =IF('بيانات المنشأة و تردد العيادات'!G20="", "", 'بيانات المنشأة و تردد العيادات'!G20) | G59: =IF('بيانات المنشأة و تردد العيادات'!H20="", "", 'بيانات المنشأة و تردد العيادات'!H20) -> 50 | H59: =IF('بيانات المنشأة و تردد العيادات'!I20="", "", 'بيانات المنشأة و تردد العيادات'!I20) | I59: =IF('بيانات المنشأة و تردد العيادات'!J20="", "", 'بيانات المنشأة و تردد العيادات'!J20) | ... M59: =IF('بيانات المنشأة و تردد العيادات'!N20="", "", 'بيانات المنشأة و تردد العيادات'!N20)
A60: تردد كل عيادة خارجية - متابعة الاطفال | B60: =IF('بيانات المنشأة و تردد العيادات'!C21="", "", 'بيانات المنشأة و تردد العيادات'!C21) | C60: =IF('بيانات المنشأة و تردد العيادات'!D21="", "", 'بيانات المنشأة و تردد العيادات'!D21) | D60: =IF('بيانات المنشأة و تردد العيادات'!E21="", "", 'بيانات المنشأة و تردد العيادات'!E21) | E60: =IF('بيانات المنشأة و تردد العيادات'!F21="", "", 'بيانات المنشأة و تردد العيادات'!F21) | F60: =IF('بيانات المنشأة و تردد العيادات'!G21="", "", 'بيانات المنشأة و تردد العيادات'!G21) | G60: =IF('بيانات المنشأة و تردد العيادات'!H21="", "", 'بيانات المنشأة و تردد العيادات'!H21) -> 86 | H60: =IF('بيانات المنشأة و تردد العيادات'!I21="", "", 'بيانات المنشأة و تردد العيادات'!I21) | I60: =IF('بيانات المنشأة و تردد العيادات'!J21="", "", 'بيانات المنشأة و تردد العيادات'!J21) | ... M60: =IF('بيانات المنشأة و تردد العيادات'!N21="", "", 'بيانات المنشأة و تردد العيادات'!N21)
A61: تردد كل عيادة خارجية - IMCI | B61: =IF('بيانات المنشأة و تردد العيادات'!C22="", "", 'بيانات المنشأة و تردد العيادات'!C22) -> NA | C61: =IF('بيانات المنشأة و تردد العيادات'!D22="", "", 'بيانات المنشأة و تردد العيادات'!D22) | D61: =IF('بيانات المنشأة و تردد العيادات'!E22="", "", 'بيانات المنشأة و تردد العيادات'!E22) | E61: =IF('بيانات المنشأة و تردد العيادات'!F22="", "", 'بيانات المنشأة و تردد العيادات'!F22) | F61: =IF('بيانات المنشأة و تردد العيادات'!G22="", "", 'بيانات المنشأة و تردد العيادات'!G22) | G61: =IF('بيانات المنشأة و تردد العيادات'!H22="", "", 'بيانات المنشأة و تردد العيادات'!H22) -> na | H61: =IF('بيانات المنشأة و تردد العيادات'!I22="", "", 'بيانات المنشأة و تردد العيادات'!I22) | I61: =IF('بيانات المنشأة و تردد العيادات'!J22="", "", 'بيانات المنشأة و تردد العيادات'!J22) | ... M61: =IF('بيانات المنشأة و تردد العيادات'!N22="", "", 'بيانات المنشأة و تردد العيادات'!N22)
A62: تردد كل عيادة خارجية - الاسنان | B62: =IF('بيانات المنشأة و تردد العيادات'!C23="", "", 'بيانات المنشأة و تردد العيادات'!C23) | C62: =IF('بيانات المنشأة و تردد العيادات'!D23="", "", 'بيانات المنشأة و تردد العيادات'!D23) | D62: =IF('بيانات المنشأة و تردد العيادات'!E23="", "", 'بيانات المنشأة و تردد العيادات'!E23) | E62: =IF('بيانات المنشأة و تردد العيادات'!F23="", "", 'بيانات المنشأة و تردد العيادات'!F23) | F62: =IF('بيانات المنشأة و تردد العيادات'!G23="", "", 'بيانات المنشأة و تردد العيادات'!G23) | G62: =IF('بيانات المنشأة و تردد العيادات'!H23="", "", 'بيانات المنشأة و تردد العيادات'!H23) -> 69 | H62: =IF('بيانات المنشأة و تردد العيادات'!I23="", "", 'بيانات المنشأة و تردد العيادات'!I23) | I62: =IF('بيانات المنشأة و تردد العيادات'!J23="", "", 'بيانات المنشأة و تردد العيادات'!J23) | ... M62: =IF('بيانات المنشأة و تردد العيادات'!N23="", "", 'بيانات المنشأة و تردد العيادات'!N23)
A63: تردد كل عيادة خارجية - عيادات اخرى | B63: =IF('بيانات المنشأة و تردد العيادات'!C24="", "", 'بيانات المنشأة و تردد العيادات'!C24) | C63: =IF('بيانات المنشأة و تردد العيادات'!D24="", "", 'بيانات المنشأة و تردد العيادات'!D24) | D63: =IF('بيانات المنشأة و تردد العيادات'!E24="", "", 'بيانات المنشأة و تردد العيادات'!E24) | E63: =IF('بيانات المنشأة و تردد العيادات'!F24="", "", 'بيانات المنشأة و تردد العيادات'!F24) | F63: =IF('بيانات المنشأة و تردد العيادات'!G24="", "", 'بيانات المنشأة و تردد العيادات'!G24) | G63: =IF('بيانات المنشأة و تردد العيادات'!H24="", "", 'بيانات المنشأة و تردد العيادات'!H24) -> 250 | H63: =IF('بيانات المنشأة و تردد العيادات'!I24="", "", 'بيانات المنشأة و تردد العيادات'!I24) | I63: =IF('بيانات المنشأة و تردد العيادات'!J24="", "", 'بيانات المنشأة و تردد العيادات'!J24) | ... M63: =IF('بيانات المنشأة و تردد العيادات'!N24="", "", 'بيانات المنشأة و تردد العيادات'!N24)

Sheet نتائج المؤشرات الشهرية
A1: 📊 نتائج المؤشرات الشهرية
A3: م | B3: كود المؤشر | C3: المؤشر | D3: Jan-26 | E3: Feb-26 | F3: Mar-26 | G3: Apr-26 | H3: May-26 | I3: Jun-26 | J3: Jul-26 | K3: Aug-26 | L3: Sep-26 | M3: Oct-26 | N3: Nov-26 | O3: Dec-26
A4: مؤشرات تردد العيادات
A5: 1 | B5: FU-004 | C5: اجمالي تردد العيادات الخارجية | D5: =SUM(D6:D12) -> 0 | E5: =SUM(E6:E12) -> 0 | F5: =SUM(F6:F12) -> 0 | G5: =SUM(G6:G12) -> 0 | H5: =SUM(H6:H12) -> 0 | I5: =SUM(I6:I12) -> 785 | J5: =SUM(J6:J12) -> 0 | K5: =SUM(K6:K12) -> 0 | ... O5: =SUM(O6:O12) -> 0
A6: 2 | B6: FU-005-01 | C6: تردد كل عيادة خارجية - طب الأسرة | D6: =IF('بيانات المنشأة و تردد العيادات'!C18="", "", 'بيانات المنشأة و تردد العيادات'!C18) | E6: =IF('بيانات المنشأة و تردد العيادات'!D18="", "", 'بيانات المنشأة و تردد العيادات'!D18) | F6: =IF('بيانات المنشأة و تردد العيادات'!E18="", "", 'بيانات المنشأة و تردد العيادات'!E18) | G6: =IF('بيانات المنشأة و تردد العيادات'!F18="", "", 'بيانات المنشأة و تردد العيادات'!F18) | H6: =IF('بيانات المنشأة و تردد العيادات'!G18="", "", 'بيانات المنشأة و تردد العيادات'!G18) | I6: =IF('بيانات المنشأة و تردد العيادات'!H18="", "", 'بيانات المنشأة و تردد العيادات'!H18) -> 230 | J6: =IF('بيانات المنشأة و تردد العيادات'!I18="", "", 'بيانات المنشأة و تردد العيادات'!I18) | K6: =IF('بيانات المنشأة و تردد العيادات'!J18="", "", 'بيانات المنشأة و تردد العيادات'!J18) | ... O6: =IF('بيانات المنشأة و تردد العيادات'!N18="", "", 'بيانات المنشأة و تردد العيادات'!N18)
A7: 3 | B7: FU-005-02 | C7: تردد كل عيادة خارجية -تنظيم الأسرة | D7: =IF('بيانات المنشأة و تردد العيادات'!C19="", "", 'بيانات المنشأة و تردد العيادات'!C19) | E7: =IF('بيانات المنشأة و تردد العيادات'!D19="", "", 'بيانات المنشأة و تردد العيادات'!D19) | F7: =IF('بيانات المنشأة و تردد العيادات'!E19="", "", 'بيانات المنشأة و تردد العيادات'!E19) | G7: =IF('بيانات المنشأة و تردد العيادات'!F19="", "", 'بيانات المنشأة و تردد العيادات'!F19) | H7: =IF('بيانات المنشأة و تردد العيادات'!G19="", "", 'بيانات المنشأة و تردد العيادات'!G19) | I7: =IF('بيانات المنشأة و تردد العيادات'!H19="", "", 'بيانات المنشأة و تردد العيادات'!H19) -> 100 | J7: =IF('بيانات المنشأة و تردد العيادات'!I19="", "", 'بيانات المنشأة و تردد العيادات'!I19) | K7: =IF('بيانات المنشأة و تردد العيادات'!J19="", "", 'بيانات المنشأة و تردد العيادات'!J19) | ... O7: =IF('بيانات المنشأة و تردد العيادات'!N19="", "", 'بيانات المنشأة و تردد العيادات'!N19)
A8: 4 | B8: FU-005-03 | C8: تردد كل عيادة خارجية - رعاية الامومة والطفولة | D8: =IF('بيانات المنشأة و تردد العيادات'!C20="", "", 'بيانات المنشأة و تردد العيادات'!C20) | E8: =IF('بيانات المنشأة و تردد العيادات'!D20="", "", 'بيانات المنشأة و تردد العيادات'!D20) | F8: =IF('بيانات المنشأة و تردد العيادات'!E20="", "", 'بيانات المنشأة و تردد العيادات'!E20) | G8: =IF('بيانات المنشأة و تردد العيادات'!F20="", "", 'بيانات المنشأة و تردد العيادات'!F20) | H8: =IF('بيانات المنشأة و تردد العيادات'!G20="", "", 'بيانات المنشأة و تردد العيادات'!G20) | I8: =IF('بيانات المنشأة و تردد العيادات'!H20="", "", 'بيانات المنشأة و تردد العيادات'!H20) -> 50 | J8: =IF('بيانات المنشأة و تردد العيادات'!I20="", "", 'بيانات المنشأة و تردد العيادات'!I20) | K8: =IF('بيانات المنشأة و تردد العيادات'!J20="", "", 'بيانات المنشأة و تردد العيادات'!J20) | ... O8: =IF('بيانات المنشأة و تردد العيادات'!N20="", "", 'بيانات المنشأة و تردد العيادات'!N20)
A9: 5 | B9: FU-005-04 | C9: تردد كل عيادة خارجية - متابعة الاطفال | D9: =IF('بيانات المنشأة و تردد العيادات'!C21="", "", 'بيانات المنشأة و تردد العيادات'!C21) | E9: =IF('بيانات المنشأة و تردد العيادات'!D21="", "", 'بيانات المنشأة و تردد العيادات'!D21) | F9: =IF('بيانات المنشأة و تردد العيادات'!E21="", "", 'بيانات المنشأة و تردد العيادات'!E21) | G9: =IF('بيانات المنشأة و تردد العيادات'!F21="", "", 'بيانات المنشأة و تردد العيادات'!F21) | H9: =IF('بيانات المنشأة و تردد العيادات'!G21="", "", 'بيانات المنشأة و تردد العيادات'!G21) | I9: =IF('بيانات المنشأة و تردد العيادات'!H21="", "", 'بيانات المنشأة و تردد العيادات'!H21) -> 86 | J9: =IF('بيانات المنشأة و تردد العيادات'!I21="", "", 'بيانات المنشأة و تردد العيادات'!I21) | K9: =IF('بيانات المنشأة و تردد العيادات'!J21="", "", 'بيانات المنشأة و تردد العيادات'!J21) | ... O9: =IF('بيانات المنشأة و تردد العيادات'!N21="", "", 'بيانات المنشأة و تردد العيادات'!N21)
A10: 6 | B10: FU-005-05 | C10: تردد كل عيادة خارجية - IMCI | D10: =IF('بيانات المنشأة و تردد العيادات'!C22="", "", 'بيانات المنشأة و تردد العيادات'!C22) -> NA | E10: =IF('بيانات المنشأة و تردد العيادات'!D22="", "", 'بيانات المنشأة و تردد العيادات'!D22) | F10: =IF('بيانات المنشأة و تردد العيادات'!E22="", "", 'بيانات المنشأة و تردد العيادات'!E22) | G10: =IF('بيانات المنشأة و تردد العيادات'!F22="", "", 'بيانات المنشأة و تردد العيادات'!F22) | H10: =IF('بيانات المنشأة و تردد العيادات'!G22="", "", 'بيانات المنشأة و تردد العيادات'!G22) | I10: =IF('بيانات المنشأة و تردد العيادات'!H22="", "", 'بيانات المنشأة و تردد العيادات'!H22) -> na | J10: =IF('بيانات المنشأة و تردد العيادات'!I22="", "", 'بيانات المنشأة و تردد العيادات'!I22) | K10: =IF('بيانات المنشأة و تردد العيادات'!J22="", "", 'بيانات المنشأة و تردد العيادات'!J22) | ... O10: =IF('بيانات المنشأة و تردد العيادات'!N22="", "", 'بيانات المنشأة و تردد العيادات'!N22)
A11: 7 | B11: FU-005-06 | C11: تردد كل عيادة خارجية - الاسنان | D11: =IF('بيانات المنشأة و تردد العيادات'!C23="", "", 'بيانات المنشأة و تردد العيادات'!C23) | E11: =IF('بيانات المنشأة و تردد العيادات'!D23="", "", 'بيانات المنشأة و تردد العيادات'!D23) | F11: =IF('بيانات المنشأة و تردد العيادات'!E23="", "", 'بيانات المنشأة و تردد العيادات'!E23) | G11: =IF('بيانات المنشأة و تردد العيادات'!F23="", "", 'بيانات المنشأة و تردد العيادات'!F23) | H11: =IF('بيانات المنشأة و تردد العيادات'!G23="", "", 'بيانات المنشأة و تردد العيادات'!G23) | I11: =IF('بيانات المنشأة و تردد العيادات'!H23="", "", 'بيانات المنشأة و تردد العيادات'!H23) -> 69 | J11: =IF('بيانات المنشأة و تردد العيادات'!I23="", "", 'بيانات المنشأة و تردد العيادات'!I23) | K11: =IF('بيانات المنشأة و تردد العيادات'!J23="", "", 'بيانات المنشأة و تردد العيادات'!J23) | ... O11: =IF('بيانات المنشأة و تردد العيادات'!N23="", "", 'بيانات المنشأة و تردد العيادات'!N23)
A12: 8 | B12: FU-005-07 | C12: تردد كل عيادة خارجية - عيادات اخرى | D12: =IF('بيانات المنشأة و تردد العيادات'!C24="", "", 'بيانات المنشأة و تردد العيادات'!C24) | E12: =IF('بيانات المنشأة و تردد العيادات'!D24="", "", 'بيانات المنشأة و تردد العيادات'!D24) | F12: =IF('بيانات المنشأة و تردد العيادات'!E24="", "", 'بيانات المنشأة و تردد العيادات'!E24) | G12: =IF('بيانات المنشأة و تردد العيادات'!F24="", "", 'بيانات المنشأة و تردد العيادات'!F24) | H12: =IF('بيانات المنشأة و تردد العيادات'!G24="", "", 'بيانات المنشأة و تردد العيادات'!G24) | I12: =IF('بيانات المنشأة و تردد العيادات'!H24="", "", 'بيانات المنشأة و تردد العيادات'!H24) -> 250 | J12: =IF('بيانات المنشأة و تردد العيادات'!I24="", "", 'بيانات المنشأة و تردد العيادات'!I24) | K12: =IF('بيانات المنشأة و تردد العيادات'!J24="", "", 'بيانات المنشأة و تردد العيادات'!J24) | ... O12: =IF('بيانات المنشأة و تردد العيادات'!N24="", "", 'بيانات المنشأة و تردد العيادات'!N24)
A14: مؤشرات الطوارئ والاستقبال
A15: 9 | B15: FU-016 | C15: متوسط مدة تلقي خدمات الطوارىء ( التسجيل – الخروج ) | D15: =IF(OR(ISBLANK('الاجمالي الشهري'!B50), 'الاجمالي الشهري'!B50="", ISBLANK('الاجمالي الشهري'!B51), 'الاجمالي الشهري'!B51="", 'الاجمالي الشهري'!B51=0), "", 'الاجمالي الشهري'!B50/'الاجمالي الشهري'!B51) | E15: =IF(OR(ISBLANK('الاجمالي الشهري'!C50), 'الاجمالي الشهري'!C50="", ISBLANK('الاجمالي الشهري'!C51), 'الاجمالي الشهري'!C51="", 'الاجمالي الشهري'!C51=0), "", 'الاجمالي الشهري'!C50/'الاجمالي الشهري'!C51) | F15: =IF(OR(ISBLANK('الاجمالي الشهري'!D50), 'الاجمالي الشهري'!D50="", ISBLANK('الاجمالي الشهري'!D51), 'الاجمالي الشهري'!D51="", 'الاجمالي الشهري'!D51=0), "", 'الاجمالي الشهري'!D50/'الاجمالي الشهري'!D51) | G15: =IF(OR(ISBLANK('الاجمالي الشهري'!E50), 'الاجمالي الشهري'!E50="", ISBLANK('الاجمالي الشهري'!E51), 'الاجمالي الشهري'!E51="", 'الاجمالي الشهري'!E51=0), "", 'الاجمالي الشهري'!E50/'الاجمالي الشهري'!E51) | H15: =IF(OR(ISBLANK('الاجمالي الشهري'!F50), 'الاجمالي الشهري'!F50="", ISBLANK('الاجمالي الشهري'!F51), 'الاجمالي الشهري'!F51="", 'الاجمالي الشهري'!F51=0), "", 'الاجمالي الشهري'!F50/'الاجمالي الشهري'!F51) | I15: =IF(OR(ISBLANK('الاجمالي الشهري'!G50), 'الاجمالي الشهري'!G50="", ISBLANK('الاجمالي الشهري'!G51), 'الاجمالي الشهري'!G51="", 'الاجمالي الشهري'!G51=0), "", 'الاجمالي الشهري'!G50/'الاجمالي الشهري'!G51) -> 0.0083333333 | J15: =IF(OR(ISBLANK('الاجمالي الشهري'!H50), 'الاجمالي الشهري'!H50="", ISBLANK('الاجمالي الشهري'!H51), 'الاجمالي الشهري'!H51="", 'الاجمالي الشهري'!H51=0), "", 'الاجمالي الشهري'!H50/'الاجمالي الشهري'!H51) | K15: =IF(OR(ISBLANK('الاجمالي الشهري'!I50), 'الاجمالي الشهري'!I50="", ISBLANK('الاجمالي الشهري'!I51), 'الاجمالي الشهري'!I51="", 'الاجمالي الشهري'!I51=0), "", 'الاجمالي الشهري'!I50/'الاجمالي الشهري'!I51) | ... O15: =IF(OR(ISBLANK('الاجمالي الشهري'!M50), 'الاجمالي الشهري'!M50="", ISBLANK('الاجمالي الشهري'!M51), 'الاجمالي الشهري'!M51="", 'الاجمالي الشهري'!M51=0), "", 'الاجمالي الشهري'!M50/'الاجمالي الشهري'!M51)
A16: 10 | B16: FU-017 | C16: معدل حالات اعادة الدخول لقسم الطوارىء لنفس السبب خلال 72 ساعة | D16: =IF(OR(ISBLANK('الاجمالي الشهري'!B52), 'الاجمالي الشهري'!B52="", ISBLANK('الاجمالي الشهري'!B53), 'الاجمالي الشهري'!B53="", 'الاجمالي الشهري'!B53=0), "", 'الاجمالي الشهري'!B52/'الاجمالي الشهري'!B53) | E16: =IF(OR(ISBLANK('الاجمالي الشهري'!C52), 'الاجمالي الشهري'!C52="", ISBLANK('الاجمالي الشهري'!C53), 'الاجمالي الشهري'!C53="", 'الاجمالي الشهري'!C53=0), "", 'الاجمالي الشهري'!C52/'الاجمالي الشهري'!C53) | F16: =IF(OR(ISBLANK('الاجمالي الشهري'!D52), 'الاجمالي الشهري'!D52="", ISBLANK('الاجمالي الشهري'!D53), 'الاجمالي الشهري'!D53="", 'الاجمالي الشهري'!D53=0), "", 'الاجمالي الشهري'!D52/'الاجمالي الشهري'!D53) | G16: =IF(OR(ISBLANK('الاجمالي الشهري'!E52), 'الاجمالي الشهري'!E52="", ISBLANK('الاجمالي الشهري'!E53), 'الاجمالي الشهري'!E53="", 'الاجمالي الشهري'!E53=0), "", 'الاجمالي الشهري'!E52/'الاجمالي الشهري'!E53) | H16: =IF(OR(ISBLANK('الاجمالي الشهري'!F52), 'الاجمالي الشهري'!F52="", ISBLANK('الاجمالي الشهري'!F53), 'الاجمالي الشهري'!F53="", 'الاجمالي الشهري'!F53=0), "", 'الاجمالي الشهري'!F52/'الاجمالي الشهري'!F53) | I16: =IF(OR(ISBLANK('الاجمالي الشهري'!G52), 'الاجمالي الشهري'!G52="", ISBLANK('الاجمالي الشهري'!G53), 'الاجمالي الشهري'!G53="", 'الاجمالي الشهري'!G53=0), "", 'الاجمالي الشهري'!G52/'الاجمالي الشهري'!G53) -> 0.025 | J16: =IF(OR(ISBLANK('الاجمالي الشهري'!H52), 'الاجمالي الشهري'!H52="", ISBLANK('الاجمالي الشهري'!H53), 'الاجمالي الشهري'!H53="", 'الاجمالي الشهري'!H53=0), "", 'الاجمالي الشهري'!H52/'الاجمالي الشهري'!H53) | K16: =IF(OR(ISBLANK('الاجمالي الشهري'!I52), 'الاجمالي الشهري'!I52="", ISBLANK('الاجمالي الشهري'!I53), 'الاجمالي الشهري'!I53="", 'الاجمالي الشهري'!I53=0), "", 'الاجمالي الشهري'!I52/'الاجمالي الشهري'!I53) | ... O16: =IF(OR(ISBLANK('الاجمالي الشهري'!M52), 'الاجمالي الشهري'!M52="", ISBLANK('الاجمالي الشهري'!M53), 'الاجمالي الشهري'!M53="", 'الاجمالي الشهري'!M53=0), "", 'الاجمالي الشهري'!M52/'الاجمالي الشهري'!M53)
A18: مؤشرات التدريب
A19: 11 | B19: FU-006 | C19: نسبة العاملين المدربين على الدفاع المدني | D19: =IF(OR(ISBLANK('الاجمالي الشهري'!B35), 'الاجمالي الشهري'!B35="", ISBLANK('الاجمالي الشهري'!B32), 'الاجمالي الشهري'!B32="", 'الاجمالي الشهري'!B32=0), "", 'الاجمالي الشهري'!B35/'الاجمالي الشهري'!B32) -> 0.2 | E19: =IF(OR(ISBLANK('الاجمالي الشهري'!C35), 'الاجمالي الشهري'!C35="", ISBLANK('الاجمالي الشهري'!C32), 'الاجمالي الشهري'!C32="", 'الاجمالي الشهري'!C32=0), "", 'الاجمالي الشهري'!C35/'الاجمالي الشهري'!C32) | F19: =IF(OR(ISBLANK('الاجمالي الشهري'!D35), 'الاجمالي الشهري'!D35="", ISBLANK('الاجمالي الشهري'!D32), 'الاجمالي الشهري'!D32="", 'الاجمالي الشهري'!D32=0), "", 'الاجمالي الشهري'!D35/'الاجمالي الشهري'!D32) | G19: =IF(OR(ISBLANK('الاجمالي الشهري'!E35), 'الاجمالي الشهري'!E35="", ISBLANK('الاجمالي الشهري'!E32), 'الاجمالي الشهري'!E32="", 'الاجمالي الشهري'!E32=0), "", 'الاجمالي الشهري'!E35/'الاجمالي الشهري'!E32) -> 0.18461538 | H19: =IF(OR(ISBLANK('الاجمالي الشهري'!F35), 'الاجمالي الشهري'!F35="", ISBLANK('الاجمالي الشهري'!F32), 'الاجمالي الشهري'!F32="", 'الاجمالي الشهري'!F32=0), "", 'الاجمالي الشهري'!F35/'الاجمالي الشهري'!F32) | I19: =IF(OR(ISBLANK('الاجمالي الشهري'!G35), 'الاجمالي الشهري'!G35="", ISBLANK('الاجمالي الشهري'!G32), 'الاجمالي الشهري'!G32="", 'الاجمالي الشهري'!G32=0), "", 'الاجمالي الشهري'!G35/'الاجمالي الشهري'!G32) | J19: =IF(OR(ISBLANK('الاجمالي الشهري'!H35), 'الاجمالي الشهري'!H35="", ISBLANK('الاجمالي الشهري'!H32), 'الاجمالي الشهري'!H32="", 'الاجمالي الشهري'!H32=0), "", 'الاجمالي الشهري'!H35/'الاجمالي الشهري'!H32) | K19: =IF(OR(ISBLANK('الاجمالي الشهري'!I35), 'الاجمالي الشهري'!I35="", ISBLANK('الاجمالي الشهري'!I32), 'الاجمالي الشهري'!I32="", 'الاجمالي الشهري'!I32=0), "", 'الاجمالي الشهري'!I35/'الاجمالي الشهري'!I32) | ... O19: =IF(OR(ISBLANK('الاجمالي الشهري'!M35), 'الاجمالي الشهري'!M35="", ISBLANK('الاجمالي الشهري'!M32), 'الاجمالي الشهري'!M32="", 'الاجمالي الشهري'!M32=0), "", 'الاجمالي الشهري'!M35/'الاجمالي الشهري'!M32)
A20: 12 | B20: FU-025 | C20: نسبة تدريب أطباء علي دعم الحياة القلبية التنفسية الاساسي BLS | D20: =IF(OR('الاجمالي الشهري'!B33="", 'الاجمالي الشهري'!B29="", 'الاجمالي الشهري'!B29=0), "", 'الاجمالي الشهري'!B33/'الاجمالي الشهري'!B29) -> 0.5 | E20: =IF(OR('الاجمالي الشهري'!C33="", 'الاجمالي الشهري'!C29="", 'الاجمالي الشهري'!C29=0), "", 'الاجمالي الشهري'!C33/'الاجمالي الشهري'!C29) | F20: =IF(OR('الاجمالي الشهري'!D33="", 'الاجمالي الشهري'!D29="", 'الاجمالي الشهري'!D29=0), "", 'الاجمالي الشهري'!D33/'الاجمالي الشهري'!D29) | G20: =IF(OR('الاجمالي الشهري'!E33="", 'الاجمالي الشهري'!E29="", 'الاجمالي الشهري'!E29=0), "", 'الاجمالي الشهري'!E33/'الاجمالي الشهري'!E29) -> 0.5 | H20: =IF(OR('الاجمالي الشهري'!F33="", 'الاجمالي الشهري'!F29="", 'الاجمالي الشهري'!F29=0), "", 'الاجمالي الشهري'!F33/'الاجمالي الشهري'!F29) | I20: =IF(OR('الاجمالي الشهري'!G33="", 'الاجمالي الشهري'!G29="", 'الاجمالي الشهري'!G29=0), "", 'الاجمالي الشهري'!G33/'الاجمالي الشهري'!G29) | J20: =IF(OR('الاجمالي الشهري'!H33="", 'الاجمالي الشهري'!H29="", 'الاجمالي الشهري'!H29=0), "", 'الاجمالي الشهري'!H33/'الاجمالي الشهري'!H29) | K20: =IF(OR('الاجمالي الشهري'!I33="", 'الاجمالي الشهري'!I29="", 'الاجمالي الشهري'!I29=0), "", 'الاجمالي الشهري'!I33/'الاجمالي الشهري'!I29) | ... O20: =IF(OR('الاجمالي الشهري'!M33="", 'الاجمالي الشهري'!M29="", 'الاجمالي الشهري'!M29=0), "", 'الاجمالي الشهري'!M33/'الاجمالي الشهري'!M29)
A21: 13 | B21: FU-026 | C21: نسبة تدريب تمريض علي دعم الحياة القلبية التنفسية الاساسى BLS | D21: =IF(OR('الاجمالي الشهري'!B34="", 'الاجمالي الشهري'!B30="", 'الاجمالي الشهري'!B30=0), "", 'الاجمالي الشهري'!B34/'الاجمالي الشهري'!B30) -> 0.75 | E21: =IF(OR('الاجمالي الشهري'!C34="", 'الاجمالي الشهري'!C30="", 'الاجمالي الشهري'!C30=0), "", 'الاجمالي الشهري'!C34/'الاجمالي الشهري'!C30) | F21: =IF(OR('الاجمالي الشهري'!D34="", 'الاجمالي الشهري'!D30="", 'الاجمالي الشهري'!D30=0), "", 'الاجمالي الشهري'!D34/'الاجمالي الشهري'!D30) | G21: =IF(OR('الاجمالي الشهري'!E34="", 'الاجمالي الشهري'!E30="", 'الاجمالي الشهري'!E30=0), "", 'الاجمالي الشهري'!E34/'الاجمالي الشهري'!E30) -> 0.6 | H21: =IF(OR('الاجمالي الشهري'!F34="", 'الاجمالي الشهري'!F30="", 'الاجمالي الشهري'!F30=0), "", 'الاجمالي الشهري'!F34/'الاجمالي الشهري'!F30) | I21: =IF(OR('الاجمالي الشهري'!G34="", 'الاجمالي الشهري'!G30="", 'الاجمالي الشهري'!G30=0), "", 'الاجمالي الشهري'!G34/'الاجمالي الشهري'!G30) | J21: =IF(OR('الاجمالي الشهري'!H34="", 'الاجمالي الشهري'!H30="", 'الاجمالي الشهري'!H30=0), "", 'الاجمالي الشهري'!H34/'الاجمالي الشهري'!H30) | K21: =IF(OR('الاجمالي الشهري'!I34="", 'الاجمالي الشهري'!I30="", 'الاجمالي الشهري'!I30=0), "", 'الاجمالي الشهري'!I34/'الاجمالي الشهري'!I30) | ... O21: =IF(OR('الاجمالي الشهري'!M34="", 'الاجمالي الشهري'!M30="", 'الاجمالي الشهري'!M30=0), "", 'الاجمالي الشهري'!M34/'الاجمالي الشهري'!M30)
A22: 14 | B22: FU-027 | C22: اجمالي نسبة تدريب العاملين الصحيين عل دعم الحياة القلبية الاساسي BLS | D22: =IF(OR('الاجمالي الشهري'!B35="", 'الاجمالي الشهري'!B31="", 'الاجمالي الشهري'!B31=0), "", 'الاجمالي الشهري'!B35/'الاجمالي الشهري'!B31) -> 0.375 | E22: =IF(OR('الاجمالي الشهري'!C35="", 'الاجمالي الشهري'!C31="", 'الاجمالي الشهري'!C31=0), "", 'الاجمالي الشهري'!C35/'الاجمالي الشهري'!C31) | F22: =IF(OR('الاجمالي الشهري'!D35="", 'الاجمالي الشهري'!D31="", 'الاجمالي الشهري'!D31=0), "", 'الاجمالي الشهري'!D35/'الاجمالي الشهري'!D31) | G22: =IF(OR('الاجمالي الشهري'!E35="", 'الاجمالي الشهري'!E31="", 'الاجمالي الشهري'!E31=0), "", 'الاجمالي الشهري'!E35/'الاجمالي الشهري'!E31) -> 0.32432432 | H22: =IF(OR('الاجمالي الشهري'!F35="", 'الاجمالي الشهري'!F31="", 'الاجمالي الشهري'!F31=0), "", 'الاجمالي الشهري'!F35/'الاجمالي الشهري'!F31) | I22: =IF(OR('الاجمالي الشهري'!G35="", 'الاجمالي الشهري'!G31="", 'الاجمالي الشهري'!G31=0), "", 'الاجمالي الشهري'!G35/'الاجمالي الشهري'!G31) | J22: =IF(OR('الاجمالي الشهري'!H35="", 'الاجمالي الشهري'!H31="", 'الاجمالي الشهري'!H31=0), "", 'الاجمالي الشهري'!H35/'الاجمالي الشهري'!H31) | K22: =IF(OR('الاجمالي الشهري'!I35="", 'الاجمالي الشهري'!I31="", 'الاجمالي الشهري'!I31=0), "", 'الاجمالي الشهري'!I35/'الاجمالي الشهري'!I31) | ... O22: =IF(OR('الاجمالي الشهري'!M35="", 'الاجمالي الشهري'!M31="", 'الاجمالي الشهري'!M31=0), "", 'الاجمالي الشهري'!M35/'الاجمالي الشهري'!M31)
A24: مؤشرات الإفاقة القلبية التنفسية
A25: 15 | B25: FU-029 | C25: عدد حالات توقف القلب خلال الشهر في الوحدة | D25: =IF('الاجمالي الشهري'!B38="", "", 'الاجمالي الشهري'!B38) -> 0 | E25: =IF('الاجمالي الشهري'!C38="", "", 'الاجمالي الشهري'!C38) -> 0 | F25: =IF('الاجمالي الشهري'!D38="", "", 'الاجمالي الشهري'!D38) -> 0 | G25: =IF('الاجمالي الشهري'!E38="", "", 'الاجمالي الشهري'!E38) -> 0 | H25: =IF('الاجمالي الشهري'!F38="", "", 'الاجمالي الشهري'!F38) -> 0 | I25: =IF('الاجمالي الشهري'!G38="", "", 'الاجمالي الشهري'!G38) -> 2 | J25: =IF('الاجمالي الشهري'!H38="", "", 'الاجمالي الشهري'!H38) -> 0 | K25: =IF('الاجمالي الشهري'!I38="", "", 'الاجمالي الشهري'!I38) -> 0 | ... N25: =IF('الاجمالي الشهري'!L38="", "", 'الاجمالي الشهري'!L38) -> 0 | O25: ='الاجمالي الشهري'!M38 -> 0
A26: 16 | B26: FU-030 | C26: نسبة النجاة بعد الافاقة القلبية التنفسية | D26: =IF(OR(ISBLANK('الاجمالي الشهري'!B39), 'الاجمالي الشهري'!B39="", ISBLANK('الاجمالي الشهري'!B38), 'الاجمالي الشهري'!B38="", 'الاجمالي الشهري'!B38=0), "", 'الاجمالي الشهري'!B39/'الاجمالي الشهري'!B38) | E26: =IF(OR(ISBLANK('الاجمالي الشهري'!C39), 'الاجمالي الشهري'!C39="", ISBLANK('الاجمالي الشهري'!C38), 'الاجمالي الشهري'!C38="", 'الاجمالي الشهري'!C38=0), "", 'الاجمالي الشهري'!C39/'الاجمالي الشهري'!C38) | F26: =IF(OR(ISBLANK('الاجمالي الشهري'!D39), 'الاجمالي الشهري'!D39="", ISBLANK('الاجمالي الشهري'!D38), 'الاجمالي الشهري'!D38="", 'الاجمالي الشهري'!D38=0), "", 'الاجمالي الشهري'!D39/'الاجمالي الشهري'!D38) | G26: =IF(OR(ISBLANK('الاجمالي الشهري'!E39), 'الاجمالي الشهري'!E39="", ISBLANK('الاجمالي الشهري'!E38), 'الاجمالي الشهري'!E38="", 'الاجمالي الشهري'!E38=0), "", 'الاجمالي الشهري'!E39/'الاجمالي الشهري'!E38) | H26: =IF(OR(ISBLANK('الاجمالي الشهري'!F39), 'الاجمالي الشهري'!F39="", ISBLANK('الاجمالي الشهري'!F38), 'الاجمالي الشهري'!F38="", 'الاجمالي الشهري'!F38=0), "", 'الاجمالي الشهري'!F39/'الاجمالي الشهري'!F38) | I26: =IF(OR(ISBLANK('الاجمالي الشهري'!G39), 'الاجمالي الشهري'!G39="", ISBLANK('الاجمالي الشهري'!G38), 'الاجمالي الشهري'!G38="", 'الاجمالي الشهري'!G38=0), "", 'الاجمالي الشهري'!G39/'الاجمالي الشهري'!G38) -> 0 | J26: =IF(OR(ISBLANK('الاجمالي الشهري'!H39), 'الاجمالي الشهري'!H39="", ISBLANK('الاجمالي الشهري'!H38), 'الاجمالي الشهري'!H38="", 'الاجمالي الشهري'!H38=0), "", 'الاجمالي الشهري'!H39/'الاجمالي الشهري'!H38) | K26: =IF(OR(ISBLANK('الاجمالي الشهري'!I39), 'الاجمالي الشهري'!I39="", ISBLANK('الاجمالي الشهري'!I38), 'الاجمالي الشهري'!I38="", 'الاجمالي الشهري'!I38=0), "", 'الاجمالي الشهري'!I39/'الاجمالي الشهري'!I38) | ... O26: =IF(OR(ISBLANK('الاجمالي الشهري'!M39), 'الاجمالي الشهري'!M39="", ISBLANK('الاجمالي الشهري'!M38), 'الاجمالي الشهري'!M38="", 'الاجمالي الشهري'!M38=0), "", 'الاجمالي الشهري'!M39/'الاجمالي الشهري'!M38)
A27: 17 | B27: FU-032 | C27: اجمالي نسبة الوفاة بعض الافاقة القلبية التنفسية | D27: =IF(OR(ISBLANK('الاجمالي الشهري'!B40), 'الاجمالي الشهري'!B40="", ISBLANK('الاجمالي الشهري'!B38), 'الاجمالي الشهري'!B38="", 'الاجمالي الشهري'!B38=0), "", 'الاجمالي الشهري'!B40/'الاجمالي الشهري'!B38) | E27: =IF(OR(ISBLANK('الاجمالي الشهري'!C40), 'الاجمالي الشهري'!C40="", ISBLANK('الاجمالي الشهري'!C38), 'الاجمالي الشهري'!C38="", 'الاجمالي الشهري'!C38=0), "", 'الاجمالي الشهري'!C40/'الاجمالي الشهري'!C38) | F27: =IF(OR(ISBLANK('الاجمالي الشهري'!D40), 'الاجمالي الشهري'!D40="", ISBLANK('الاجمالي الشهري'!D38), 'الاجمالي الشهري'!D38="", 'الاجمالي الشهري'!D38=0), "", 'الاجمالي الشهري'!D40/'الاجمالي الشهري'!D38) | G27: =IF(OR(ISBLANK('الاجمالي الشهري'!E40), 'الاجمالي الشهري'!E40="", ISBLANK('الاجمالي الشهري'!E38), 'الاجمالي الشهري'!E38="", 'الاجمالي الشهري'!E38=0), "", 'الاجمالي الشهري'!E40/'الاجمالي الشهري'!E38) | H27: =IF(OR(ISBLANK('الاجمالي الشهري'!F40), 'الاجمالي الشهري'!F40="", ISBLANK('الاجمالي الشهري'!F38), 'الاجمالي الشهري'!F38="", 'الاجمالي الشهري'!F38=0), "", 'الاجمالي الشهري'!F40/'الاجمالي الشهري'!F38) | I27: =IF(OR(ISBLANK('الاجمالي الشهري'!G40), 'الاجمالي الشهري'!G40="", ISBLANK('الاجمالي الشهري'!G38), 'الاجمالي الشهري'!G38="", 'الاجمالي الشهري'!G38=0), "", 'الاجمالي الشهري'!G40/'الاجمالي الشهري'!G38) -> 0.5 | J27: =IF(OR(ISBLANK('الاجمالي الشهري'!H40), 'الاجمالي الشهري'!H40="", ISBLANK('الاجمالي الشهري'!H38), 'الاجمالي الشهري'!H38="", 'الاجمالي الشهري'!H38=0), "", 'الاجمالي الشهري'!H40/'الاجمالي الشهري'!H38) | K27: =IF(OR(ISBLANK('الاجمالي الشهري'!I40), 'الاجمالي الشهري'!I40="", ISBLANK('الاجمالي الشهري'!I38), 'الاجمالي الشهري'!I38="", 'الاجمالي الشهري'!I38=0), "", 'الاجمالي الشهري'!I40/'الاجمالي الشهري'!I38) | ... O27: =IF(OR(ISBLANK('الاجمالي الشهري'!M40), 'الاجمالي الشهري'!M40="", ISBLANK('الاجمالي الشهري'!M38), 'الاجمالي الشهري'!M38="", 'الاجمالي الشهري'!M38=0), "", 'الاجمالي الشهري'!M40/'الاجمالي الشهري'!M38)
A28: 18 | B28: FU-034 | C28: متوسط وقت الاستجابة للكود بلو (دقائق) | D28: =IF(OR(ISBLANK('الاجمالي الشهري'!B44), 'الاجمالي الشهري'!B44="", ISBLANK('الاجمالي الشهري'!B43), 'الاجمالي الشهري'!B43="", 'الاجمالي الشهري'!B43=0), "", 'الاجمالي الشهري'!B44/'الاجمالي الشهري'!B43) | E28: =IF(OR(ISBLANK('الاجمالي الشهري'!C44), 'الاجمالي الشهري'!C44="", ISBLANK('الاجمالي الشهري'!C43), 'الاجمالي الشهري'!C43="", 'الاجمالي الشهري'!C43=0), "", 'الاجمالي الشهري'!C44/'الاجمالي الشهري'!C43) | F28: =IF(OR(ISBLANK('الاجمالي الشهري'!D44), 'الاجمالي الشهري'!D44="", ISBLANK('الاجمالي الشهري'!D43), 'الاجمالي الشهري'!D43="", 'الاجمالي الشهري'!D43=0), "", 'الاجمالي الشهري'!D44/'الاجمالي الشهري'!D43) | G28: =IF(OR(ISBLANK('الاجمالي الشهري'!E44), 'الاجمالي الشهري'!E44="", ISBLANK('الاجمالي الشهري'!E43), 'الاجمالي الشهري'!E43="", 'الاجمالي الشهري'!E43=0), "", 'الاجمالي الشهري'!E44/'الاجمالي الشهري'!E43) | H28: =IF(OR(ISBLANK('الاجمالي الشهري'!F44), 'الاجمالي الشهري'!F44="", ISBLANK('الاجمالي الشهري'!F43), 'الاجمالي الشهري'!F43="", 'الاجمالي الشهري'!F43=0), "", 'الاجمالي الشهري'!F44/'الاجمالي الشهري'!F43) | I28: =IF(OR(ISBLANK('الاجمالي الشهري'!G44), 'الاجمالي الشهري'!G44="", ISBLANK('الاجمالي الشهري'!G43), 'الاجمالي الشهري'!G43="", 'الاجمالي الشهري'!G43=0), "", 'الاجمالي الشهري'!G44/'الاجمالي الشهري'!G43) -> 0.0076388889 | J28: =IF(OR(ISBLANK('الاجمالي الشهري'!H44), 'الاجمالي الشهري'!H44="", ISBLANK('الاجمالي الشهري'!H43), 'الاجمالي الشهري'!H43="", 'الاجمالي الشهري'!H43=0), "", 'الاجمالي الشهري'!H44/'الاجمالي الشهري'!H43) | K28: =IF(OR(ISBLANK('الاجمالي الشهري'!I44), 'الاجمالي الشهري'!I44="", ISBLANK('الاجمالي الشهري'!I43), 'الاجمالي الشهري'!I43="", 'الاجمالي الشهري'!I43=0), "", 'الاجمالي الشهري'!I44/'الاجمالي الشهري'!I43) | ... O28: =IF(OR(ISBLANK('الاجمالي الشهري'!M44), 'الاجمالي الشهري'!M44="", ISBLANK('الاجمالي الشهري'!M43), 'الاجمالي الشهري'!M43="", 'الاجمالي الشهري'!M43=0), "", 'الاجمالي الشهري'!M44/'الاجمالي الشهري'!M43)
A29: 19 | B29: FU-035 | C29: متوسط الوقت الكلي للإفاقة القلبية التنفسية (دقائق) | D29: =IF(OR(ISBLANK('الاجمالي الشهري'!B45), 'الاجمالي الشهري'!B45="", ISBLANK('الاجمالي الشهري'!B38), 'الاجمالي الشهري'!B38="", 'الاجمالي الشهري'!B38=0), "", 'الاجمالي الشهري'!B45/'الاجمالي الشهري'!B38) | E29: =IF(OR(ISBLANK('الاجمالي الشهري'!C45), 'الاجمالي الشهري'!C45="", ISBLANK('الاجمالي الشهري'!C38), 'الاجمالي الشهري'!C38="", 'الاجمالي الشهري'!C38=0), "", 'الاجمالي الشهري'!C45/'الاجمالي الشهري'!C38) | F29: =IF(OR(ISBLANK('الاجمالي الشهري'!D45), 'الاجمالي الشهري'!D45="", ISBLANK('الاجمالي الشهري'!D38), 'الاجمالي الشهري'!D38="", 'الاجمالي الشهري'!D38=0), "", 'الاجمالي الشهري'!D45/'الاجمالي الشهري'!D38) | G29: =IF(OR(ISBLANK('الاجمالي الشهري'!E45), 'الاجمالي الشهري'!E45="", ISBLANK('الاجمالي الشهري'!E38), 'الاجمالي الشهري'!E38="", 'الاجمالي الشهري'!E38=0), "", 'الاجمالي الشهري'!E45/'الاجمالي الشهري'!E38) | H29: =IF(OR(ISBLANK('الاجمالي الشهري'!F45), 'الاجمالي الشهري'!F45="", ISBLANK('الاجمالي الشهري'!F38), 'الاجمالي الشهري'!F38="", 'الاجمالي الشهري'!F38=0), "", 'الاجمالي الشهري'!F45/'الاجمالي الشهري'!F38) | I29: =IF(OR(ISBLANK('الاجمالي الشهري'!G45), 'الاجمالي الشهري'!G45="", ISBLANK('الاجمالي الشهري'!G38), 'الاجمالي الشهري'!G38="", 'الاجمالي الشهري'!G38=0), "", 'الاجمالي الشهري'!G45/'الاجمالي الشهري'!G38) -> -0.20347222 | J29: =IF(OR(ISBLANK('الاجمالي الشهري'!H45), 'الاجمالي الشهري'!H45="", ISBLANK('الاجمالي الشهري'!H38), 'الاجمالي الشهري'!H38="", 'الاجمالي الشهري'!H38=0), "", 'الاجمالي الشهري'!H45/'الاجمالي الشهري'!H38) | K29: =IF(OR(ISBLANK('الاجمالي الشهري'!I45), 'الاجمالي الشهري'!I45="", ISBLANK('الاجمالي الشهري'!I38), 'الاجمالي الشهري'!I38="", 'الاجمالي الشهري'!I38=0), "", 'الاجمالي الشهري'!I45/'الاجمالي الشهري'!I38) | ... O29: =IF(OR(ISBLANK('الاجمالي الشهري'!M45), 'الاجمالي الشهري'!M45="", ISBLANK('الاجمالي الشهري'!M38), 'الاجمالي الشهري'!M38="", 'الاجمالي الشهري'!M38=0), "", 'الاجمالي الشهري'!M45/'الاجمالي الشهري'!M38)
A30: 20 | B30: FU-036 | C30: معدل عدد دورات الافاقة القلبية التنفسية لكل دقيقتان | D30: =IF(OR(ISBLANK('الاجمالي الشهري'!B47), 'الاجمالي الشهري'!B47="", ISBLANK('الاجمالي الشهري'!B45), 'الاجمالي الشهري'!B45="", 'الاجمالي الشهري'!B45=0), "", ('الاجمالي الشهري'!B47*2) / ('الاجمالي الشهري'!B45 * 1440)) | E30: =IF(OR(ISBLANK('الاجمالي الشهري'!C47), 'الاجمالي الشهري'!C47="", ISBLANK('الاجمالي الشهري'!C45), 'الاجمالي الشهري'!C45="", 'الاجمالي الشهري'!C45=0), "", ('الاجمالي الشهري'!C47*2) / ('الاجمالي الشهري'!C45 * 1440)) | F30: =IF(OR(ISBLANK('الاجمالي الشهري'!D47), 'الاجمالي الشهري'!D47="", ISBLANK('الاجمالي الشهري'!D45), 'الاجمالي الشهري'!D45="", 'الاجمالي الشهري'!D45=0), "", ('الاجمالي الشهري'!D47*2) / ('الاجمالي الشهري'!D45 * 1440)) | G30: =IF(OR(ISBLANK('الاجمالي الشهري'!E47), 'الاجمالي الشهري'!E47="", ISBLANK('الاجمالي الشهري'!E45), 'الاجمالي الشهري'!E45="", 'الاجمالي الشهري'!E45=0), "", ('الاجمالي الشهري'!E47*2) / ('الاجمالي الشهري'!E45 * 1440)) | H30: =IF(OR(ISBLANK('الاجمالي الشهري'!F47), 'الاجمالي الشهري'!F47="", ISBLANK('الاجمالي الشهري'!F45), 'الاجمالي الشهري'!F45="", 'الاجمالي الشهري'!F45=0), "", ('الاجمالي الشهري'!F47*2) / ('الاجمالي الشهري'!F45 * 1440)) | I30: =IF(OR(ISBLANK('الاجمالي الشهري'!G47), 'الاجمالي الشهري'!G47="", ISBLANK('الاجمالي الشهري'!G45), 'الاجمالي الشهري'!G45="", 'الاجمالي الشهري'!G45=0), "", ('الاجمالي الشهري'!G47*2) / ('الاجمالي الشهري'!G45 * 1440)) -> -0.11945392 | J30: =IF(OR(ISBLANK('الاجمالي الشهري'!H47), 'الاجمالي الشهري'!H47="", ISBLANK('الاجمالي الشهري'!H45), 'الاجمالي الشهري'!H45="", 'الاجمالي الشهري'!H45=0), "", ('الاجمالي الشهري'!H47*2) / ('الاجمالي الشهري'!H45 * 1440)) | K30: =IF(OR(ISBLANK('الاجمالي الشهري'!I47), 'الاجمالي الشهري'!I47="", ISBLANK('الاجمالي الشهري'!I45), 'الاجمالي الشهري'!I45="", 'الاجمالي الشهري'!I45=0), "", ('الاجمالي الشهري'!I47*2) / ('الاجمالي الشهري'!I45 * 1440)) | ... O30: =IF(OR(ISBLANK('الاجمالي الشهري'!M47), 'الاجمالي الشهري'!M47="", ISBLANK('الاجمالي الشهري'!M45), 'الاجمالي الشهري'!M45="", 'الاجمالي الشهري'!M45=0), "", ('الاجمالي الشهري'!M47*2) / ('الاجمالي الشهري'!M45 * 1440))
A31: 21 | B31: FU-037 | C31: نسبة الالتزام بالتوثيق السليم للإفاقة القلبية التنفسية | D31: =IF(OR(ISBLANK('الاجمالي الشهري'!B46), 'الاجمالي الشهري'!B46="", ISBLANK('الاجمالي الشهري'!B38), 'الاجمالي الشهري'!B38="", 'الاجمالي الشهري'!B38=0), "", 'الاجمالي الشهري'!B46/'الاجمالي الشهري'!B38) | E31: =IF(OR(ISBLANK('الاجمالي الشهري'!C46), 'الاجمالي الشهري'!C46="", ISBLANK('الاجمالي الشهري'!C38), 'الاجمالي الشهري'!C38="", 'الاجمالي الشهري'!C38=0), "", 'الاجمالي الشهري'!C46/'الاجمالي الشهري'!C38) | F31: =IF(OR(ISBLANK('الاجمالي الشهري'!D46), 'الاجمالي الشهري'!D46="", ISBLANK('الاجمالي الشهري'!D38), 'الاجمالي الشهري'!D38="", 'الاجمالي الشهري'!D38=0), "", 'الاجمالي الشهري'!D46/'الاجمالي الشهري'!D38) | G31: =IF(OR(ISBLANK('الاجمالي الشهري'!E46), 'الاجمالي الشهري'!E46="", ISBLANK('الاجمالي الشهري'!E38), 'الاجمالي الشهري'!E38="", 'الاجمالي الشهري'!E38=0), "", 'الاجمالي الشهري'!E46/'الاجمالي الشهري'!E38) | H31: =IF(OR(ISBLANK('الاجمالي الشهري'!F46), 'الاجمالي الشهري'!F46="", ISBLANK('الاجمالي الشهري'!F38), 'الاجمالي الشهري'!F38="", 'الاجمالي الشهري'!F38=0), "", 'الاجمالي الشهري'!F46/'الاجمالي الشهري'!F38) | I31: =IF(OR(ISBLANK('الاجمالي الشهري'!G46), 'الاجمالي الشهري'!G46="", ISBLANK('الاجمالي الشهري'!G38), 'الاجمالي الشهري'!G38="", 'الاجمالي الشهري'!G38=0), "", 'الاجمالي الشهري'!G46/'الاجمالي الشهري'!G38) -> 0.5 | J31: =IF(OR(ISBLANK('الاجمالي الشهري'!H46), 'الاجمالي الشهري'!H46="", ISBLANK('الاجمالي الشهري'!H38), 'الاجمالي الشهري'!H38="", 'الاجمالي الشهري'!H38=0), "", 'الاجمالي الشهري'!H46/'الاجمالي الشهري'!H38) | K31: =IF(OR(ISBLANK('الاجمالي الشهري'!I46), 'الاجمالي الشهري'!I46="", ISBLANK('الاجمالي الشهري'!I38), 'الاجمالي الشهري'!I38="", 'الاجمالي الشهري'!I38=0), "", 'الاجمالي الشهري'!I46/'الاجمالي الشهري'!I38) | ... O31: =IF(OR(ISBLANK('الاجمالي الشهري'!M46), 'الاجمالي الشهري'!M46="", ISBLANK('الاجمالي الشهري'!M38), 'الاجمالي الشهري'!M38="", 'الاجمالي الشهري'!M38=0), "", 'الاجمالي الشهري'!M46/'الاجمالي الشهري'!M38)
A33: مؤشرات الشكاوى
A34: 22 | B34: FU-038 | C34: متوسط وقت الاستجابة للشكوي(أيام) | D34: =IF(OR(ISBLANK('الاجمالي الشهري'!B11), 'الاجمالي الشهري'!B11="", ISBLANK('الاجمالي الشهري'!B6), 'الاجمالي الشهري'!B6="", 'الاجمالي الشهري'!B6=0), "", 'الاجمالي الشهري'!B11/'الاجمالي الشهري'!B6) | E34: =IF(OR(ISBLANK('الاجمالي الشهري'!C11), 'الاجمالي الشهري'!C11="", ISBLANK('الاجمالي الشهري'!C6), 'الاجمالي الشهري'!C6="", 'الاجمالي الشهري'!C6=0), "", 'الاجمالي الشهري'!C11/'الاجمالي الشهري'!C6) | F34: =IF(OR(ISBLANK('الاجمالي الشهري'!D11), 'الاجمالي الشهري'!D11="", ISBLANK('الاجمالي الشهري'!D6), 'الاجمالي الشهري'!D6="", 'الاجمالي الشهري'!D6=0), "", 'الاجمالي الشهري'!D11/'الاجمالي الشهري'!D6) | G34: =IF(OR(ISBLANK('الاجمالي الشهري'!E11), 'الاجمالي الشهري'!E11="", ISBLANK('الاجمالي الشهري'!E6), 'الاجمالي الشهري'!E6="", 'الاجمالي الشهري'!E6=0), "", 'الاجمالي الشهري'!E11/'الاجمالي الشهري'!E6) | H34: =IF(OR(ISBLANK('الاجمالي الشهري'!F11), 'الاجمالي الشهري'!F11="", ISBLANK('الاجمالي الشهري'!F6), 'الاجمالي الشهري'!F6="", 'الاجمالي الشهري'!F6=0), "", 'الاجمالي الشهري'!F11/'الاجمالي الشهري'!F6) | I34: =IF(OR(ISBLANK('الاجمالي الشهري'!G11), 'الاجمالي الشهري'!G11="", ISBLANK('الاجمالي الشهري'!G6), 'الاجمالي الشهري'!G6="", 'الاجمالي الشهري'!G6=0), "", 'الاجمالي الشهري'!G11/'الاجمالي الشهري'!G6) -> 2.5 | J34: =IF(OR(ISBLANK('الاجمالي الشهري'!H11), 'الاجمالي الشهري'!H11="", ISBLANK('الاجمالي الشهري'!H6), 'الاجمالي الشهري'!H6="", 'الاجمالي الشهري'!H6=0), "", 'الاجمالي الشهري'!H11/'الاجمالي الشهري'!H6) -> 0 | K34: =IF(OR(ISBLANK('الاجمالي الشهري'!I11), 'الاجمالي الشهري'!I11="", ISBLANK('الاجمالي الشهري'!I6), 'الاجمالي الشهري'!I6="", 'الاجمالي الشهري'!I6=0), "", 'الاجمالي الشهري'!I11/'الاجمالي الشهري'!I6) | ... O34: =IF(OR(ISBLANK('الاجمالي الشهري'!M11), 'الاجمالي الشهري'!M11="", ISBLANK('الاجمالي الشهري'!M6), 'الاجمالي الشهري'!M6="", 'الاجمالي الشهري'!M6=0), "", 'الاجمالي الشهري'!M11/'الاجمالي الشهري'!M6)
A35: 23 | B35: FU-039 | C35: إجمالي عدد الشكاوي خلال الشهر | D35: =IF(OR(ISBLANK('الاجمالي الشهري'!B6), 'الاجمالي الشهري'!B6=""), "", 'الاجمالي الشهري'!B6) -> 0 | E35: =IF(OR(ISBLANK('الاجمالي الشهري'!C6), 'الاجمالي الشهري'!C6=""), "", 'الاجمالي الشهري'!C6) -> 0 | F35: =IF(OR(ISBLANK('الاجمالي الشهري'!D6), 'الاجمالي الشهري'!D6=""), "", 'الاجمالي الشهري'!D6) -> 0 | G35: =IF(OR(ISBLANK('الاجمالي الشهري'!E6), 'الاجمالي الشهري'!E6=""), "", 'الاجمالي الشهري'!E6) -> 0 | H35: =IF(OR(ISBLANK('الاجمالي الشهري'!F6), 'الاجمالي الشهري'!F6=""), "", 'الاجمالي الشهري'!F6) -> 0 | I35: =IF(OR(ISBLANK('الاجمالي الشهري'!G6), 'الاجمالي الشهري'!G6=""), "", 'الاجمالي الشهري'!G6) -> 2 | J35: =IF(OR(ISBLANK('الاجمالي الشهري'!H6), 'الاجمالي الشهري'!H6=""), "", 'الاجمالي الشهري'!H6) -> 1 | K35: =IF(OR(ISBLANK('الاجمالي الشهري'!I6), 'الاجمالي الشهري'!I6=""), "", 'الاجمالي الشهري'!I6) -> 0 | ... O35: =IF(OR(ISBLANK('الاجمالي الشهري'!M6), 'الاجمالي الشهري'!M6=""), "", 'الاجمالي الشهري'!M6) -> 0
A36: 24 | B36: FU-040 | C36: نسبة الشكاوي التي تم حلها | D36: =IF(OR(ISBLANK('الاجمالي الشهري'!B7), 'الاجمالي الشهري'!B7="", ISBLANK('الاجمالي الشهري'!B6), 'الاجمالي الشهري'!B6="", 'الاجمالي الشهري'!B6=0), "", 'الاجمالي الشهري'!B7/'الاجمالي الشهري'!B6) | E36: =IF(OR(ISBLANK('الاجمالي الشهري'!C7), 'الاجمالي الشهري'!C7="", ISBLANK('الاجمالي الشهري'!C6), 'الاجمالي الشهري'!C6="", 'الاجمالي الشهري'!C6=0), "", 'الاجمالي الشهري'!C7/'الاجمالي الشهري'!C6) | F36: =IF(OR(ISBLANK('الاجمالي الشهري'!D7), 'الاجمالي الشهري'!D7="", ISBLANK('الاجمالي الشهري'!D6), 'الاجمالي الشهري'!D6="", 'الاجمالي الشهري'!D6=0), "", 'الاجمالي الشهري'!D7/'الاجمالي الشهري'!D6) | G36: =IF(OR(ISBLANK('الاجمالي الشهري'!E7), 'الاجمالي الشهري'!E7="", ISBLANK('الاجمالي الشهري'!E6), 'الاجمالي الشهري'!E6="", 'الاجمالي الشهري'!E6=0), "", 'الاجمالي الشهري'!E7/'الاجمالي الشهري'!E6) | H36: =IF(OR(ISBLANK('الاجمالي الشهري'!F7), 'الاجمالي الشهري'!F7="", ISBLANK('الاجمالي الشهري'!F6), 'الاجمالي الشهري'!F6="", 'الاجمالي الشهري'!F6=0), "", 'الاجمالي الشهري'!F7/'الاجمالي الشهري'!F6) | I36: =IF(OR(ISBLANK('الاجمالي الشهري'!G7), 'الاجمالي الشهري'!G7="", ISBLANK('الاجمالي الشهري'!G6), 'الاجمالي الشهري'!G6="", 'الاجمالي الشهري'!G6=0), "", 'الاجمالي الشهري'!G7/'الاجمالي الشهري'!G6) -> 1 | J36: =IF(OR(ISBLANK('الاجمالي الشهري'!H7), 'الاجمالي الشهري'!H7="", ISBLANK('الاجمالي الشهري'!H6), 'الاجمالي الشهري'!H6="", 'الاجمالي الشهري'!H6=0), "", 'الاجمالي الشهري'!H7/'الاجمالي الشهري'!H6) -> 0 | K36: =IF(OR(ISBLANK('الاجمالي الشهري'!I7), 'الاجمالي الشهري'!I7="", ISBLANK('الاجمالي الشهري'!I6), 'الاجمالي الشهري'!I6="", 'الاجمالي الشهري'!I6=0), "", 'الاجمالي الشهري'!I7/'الاجمالي الشهري'!I6) | ... O36: =IF(OR(ISBLANK('الاجمالي الشهري'!M7), 'الاجمالي الشهري'!M7="", ISBLANK('الاجمالي الشهري'!M6), 'الاجمالي الشهري'!M6="", 'الاجمالي الشهري'!M6=0), "", 'الاجمالي الشهري'!M7/'الاجمالي الشهري'!M6)
A37: 25 | B37: FU-041 | C37: نسبة الشكاوي التي تم حلها فوريا | D37: =IF(OR(ISBLANK('الاجمالي الشهري'!B8), 'الاجمالي الشهري'!B8="", ISBLANK('الاجمالي الشهري'!B6), 'الاجمالي الشهري'!B6="", 'الاجمالي الشهري'!B6=0), "", 'الاجمالي الشهري'!B8/'الاجمالي الشهري'!B6) | E37: =IF(OR(ISBLANK('الاجمالي الشهري'!C8), 'الاجمالي الشهري'!C8="", ISBLANK('الاجمالي الشهري'!C6), 'الاجمالي الشهري'!C6="", 'الاجمالي الشهري'!C6=0), "", 'الاجمالي الشهري'!C8/'الاجمالي الشهري'!C6) | F37: =IF(OR(ISBLANK('الاجمالي الشهري'!D8), 'الاجمالي الشهري'!D8="", ISBLANK('الاجمالي الشهري'!D6), 'الاجمالي الشهري'!D6="", 'الاجمالي الشهري'!D6=0), "", 'الاجمالي الشهري'!D8/'الاجمالي الشهري'!D6) | G37: =IF(OR(ISBLANK('الاجمالي الشهري'!E8), 'الاجمالي الشهري'!E8="", ISBLANK('الاجمالي الشهري'!E6), 'الاجمالي الشهري'!E6="", 'الاجمالي الشهري'!E6=0), "", 'الاجمالي الشهري'!E8/'الاجمالي الشهري'!E6) | H37: =IF(OR(ISBLANK('الاجمالي الشهري'!F8), 'الاجمالي الشهري'!F8="", ISBLANK('الاجمالي الشهري'!F6), 'الاجمالي الشهري'!F6="", 'الاجمالي الشهري'!F6=0), "", 'الاجمالي الشهري'!F8/'الاجمالي الشهري'!F6) | I37: =IF(OR(ISBLANK('الاجمالي الشهري'!G8), 'الاجمالي الشهري'!G8="", ISBLANK('الاجمالي الشهري'!G6), 'الاجمالي الشهري'!G6="", 'الاجمالي الشهري'!G6=0), "", 'الاجمالي الشهري'!G8/'الاجمالي الشهري'!G6) -> 0 | J37: =IF(OR(ISBLANK('الاجمالي الشهري'!H8), 'الاجمالي الشهري'!H8="", ISBLANK('الاجمالي الشهري'!H6), 'الاجمالي الشهري'!H6="", 'الاجمالي الشهري'!H6=0), "", 'الاجمالي الشهري'!H8/'الاجمالي الشهري'!H6) -> 0 | K37: =IF(OR(ISBLANK('الاجمالي الشهري'!I8), 'الاجمالي الشهري'!I8="", ISBLANK('الاجمالي الشهري'!I6), 'الاجمالي الشهري'!I6="", 'الاجمالي الشهري'!I6=0), "", 'الاجمالي الشهري'!I8/'الاجمالي الشهري'!I6) | ... O37: =IF(OR(ISBLANK('الاجمالي الشهري'!M8), 'الاجمالي الشهري'!M8="", ISBLANK('الاجمالي الشهري'!M6), 'الاجمالي الشهري'!M6="", 'الاجمالي الشهري'!M6=0), "", 'الاجمالي الشهري'!M8/'الاجمالي الشهري'!M6)
A38: 26 | B38: FU-042 | C38: نسبة الشكاوي التي تم حلها خلال 72 ساعة من تلقيها | D38: =IF(OR(ISBLANK('الاجمالي الشهري'!B9), 'الاجمالي الشهري'!B9="", ISBLANK('الاجمالي الشهري'!B6), 'الاجمالي الشهري'!B6="", 'الاجمالي الشهري'!B6=0), "", 'الاجمالي الشهري'!B9/'الاجمالي الشهري'!B6) | E38: =IF(OR(ISBLANK('الاجمالي الشهري'!C9), 'الاجمالي الشهري'!C9="", ISBLANK('الاجمالي الشهري'!C6), 'الاجمالي الشهري'!C6="", 'الاجمالي الشهري'!C6=0), "", 'الاجمالي الشهري'!C9/'الاجمالي الشهري'!C6) | F38: =IF(OR(ISBLANK('الاجمالي الشهري'!D9), 'الاجمالي الشهري'!D9="", ISBLANK('الاجمالي الشهري'!D6), 'الاجمالي الشهري'!D6="", 'الاجمالي الشهري'!D6=0), "", 'الاجمالي الشهري'!D9/'الاجمالي الشهري'!D6) | G38: =IF(OR(ISBLANK('الاجمالي الشهري'!E9), 'الاجمالي الشهري'!E9="", ISBLANK('الاجمالي الشهري'!E6), 'الاجمالي الشهري'!E6="", 'الاجمالي الشهري'!E6=0), "", 'الاجمالي الشهري'!E9/'الاجمالي الشهري'!E6) | H38: =IF(OR(ISBLANK('الاجمالي الشهري'!F9), 'الاجمالي الشهري'!F9="", ISBLANK('الاجمالي الشهري'!F6), 'الاجمالي الشهري'!F6="", 'الاجمالي الشهري'!F6=0), "", 'الاجمالي الشهري'!F9/'الاجمالي الشهري'!F6) | I38: =IF(OR(ISBLANK('الاجمالي الشهري'!G9), 'الاجمالي الشهري'!G9="", ISBLANK('الاجمالي الشهري'!G6), 'الاجمالي الشهري'!G6="", 'الاجمالي الشهري'!G6=0), "", 'الاجمالي الشهري'!G9/'الاجمالي الشهري'!G6) -> 0.5 | J38: =IF(OR(ISBLANK('الاجمالي الشهري'!H9), 'الاجمالي الشهري'!H9="", ISBLANK('الاجمالي الشهري'!H6), 'الاجمالي الشهري'!H6="", 'الاجمالي الشهري'!H6=0), "", 'الاجمالي الشهري'!H9/'الاجمالي الشهري'!H6) -> 0 | K38: =IF(OR(ISBLANK('الاجمالي الشهري'!I9), 'الاجمالي الشهري'!I9="", ISBLANK('الاجمالي الشهري'!I6), 'الاجمالي الشهري'!I6="", 'الاجمالي الشهري'!I6=0), "", 'الاجمالي الشهري'!I9/'الاجمالي الشهري'!I6) | ... O38: =IF(OR(ISBLANK('الاجمالي الشهري'!M9), 'الاجمالي الشهري'!M9="", ISBLANK('الاجمالي الشهري'!M6), 'الاجمالي الشهري'!M6="", 'الاجمالي الشهري'!M6=0), "", 'الاجمالي الشهري'!M9/'الاجمالي الشهري'!M6)
A39: 27 | B39: FU-043 | C39: نسبة الشكاوي التي تم عمل تغذية راجعة للشاكي | D39: =IF(OR(ISBLANK('الاجمالي الشهري'!B10), 'الاجمالي الشهري'!B10="", ISBLANK('الاجمالي الشهري'!B7), 'الاجمالي الشهري'!B7="", 'الاجمالي الشهري'!B7=0), "", 'الاجمالي الشهري'!B10/'الاجمالي الشهري'!B7) | E39: =IF(OR(ISBLANK('الاجمالي الشهري'!C10), 'الاجمالي الشهري'!C10="", ISBLANK('الاجمالي الشهري'!C7), 'الاجمالي الشهري'!C7="", 'الاجمالي الشهري'!C7=0), "", 'الاجمالي الشهري'!C10/'الاجمالي الشهري'!C7) | F39: =IF(OR(ISBLANK('الاجمالي الشهري'!D10), 'الاجمالي الشهري'!D10="", ISBLANK('الاجمالي الشهري'!D7), 'الاجمالي الشهري'!D7="", 'الاجمالي الشهري'!D7=0), "", 'الاجمالي الشهري'!D10/'الاجمالي الشهري'!D7) | G39: =IF(OR(ISBLANK('الاجمالي الشهري'!E10), 'الاجمالي الشهري'!E10="", ISBLANK('الاجمالي الشهري'!E7), 'الاجمالي الشهري'!E7="", 'الاجمالي الشهري'!E7=0), "", 'الاجمالي الشهري'!E10/'الاجمالي الشهري'!E7) | H39: =IF(OR(ISBLANK('الاجمالي الشهري'!F10), 'الاجمالي الشهري'!F10="", ISBLANK('الاجمالي الشهري'!F7), 'الاجمالي الشهري'!F7="", 'الاجمالي الشهري'!F7=0), "", 'الاجمالي الشهري'!F10/'الاجمالي الشهري'!F7) | I39: =IF(OR(ISBLANK('الاجمالي الشهري'!G10), 'الاجمالي الشهري'!G10="", ISBLANK('الاجمالي الشهري'!G7), 'الاجمالي الشهري'!G7="", 'الاجمالي الشهري'!G7=0), "", 'الاجمالي الشهري'!G10/'الاجمالي الشهري'!G7) -> 0.5 | J39: =IF(OR(ISBLANK('الاجمالي الشهري'!H10), 'الاجمالي الشهري'!H10="", ISBLANK('الاجمالي الشهري'!H7), 'الاجمالي الشهري'!H7="", 'الاجمالي الشهري'!H7=0), "", 'الاجمالي الشهري'!H10/'الاجمالي الشهري'!H7) | K39: =IF(OR(ISBLANK('الاجمالي الشهري'!I10), 'الاجمالي الشهري'!I10="", ISBLANK('الاجمالي الشهري'!I7), 'الاجمالي الشهري'!I7="", 'الاجمالي الشهري'!I7=0), "", 'الاجمالي الشهري'!I10/'الاجمالي الشهري'!I7) | ... O39: =IF(OR(ISBLANK('الاجمالي الشهري'!M10), 'الاجمالي الشهري'!M10="", ISBLANK('الاجمالي الشهري'!M7), 'الاجمالي الشهري'!M7="", 'الاجمالي الشهري'!M7=0), "", 'الاجمالي الشهري'!M10/'الاجمالي الشهري'!M7)
